proto,seq,stddev,N_IN_Conn_P_SrcIP,min,state_number,mean,N_IN_Conn_P_DstIP,drate,srate,max,category
discrete,continuous,continuous,continuous,continuous,continuous,continuous,continuous,continuous,continuous,continuous,discrete
,,,,,,,,,,,class
udp,1148.0,0.941935,100.0,2.981893,4.0,4.313988,100.0,0.0,1.003288,4.981659,DDoS
udp,54876.0,0.896668,100.0,2.776192,4.0,3.920363,100.0,0.0,1.020475,4.965918,DDoS
udp,123824.0,0.802655,62.0,3.001497,4.0,3.99256,100.0,0.0,0.857994,4.967393,DDoS
tcp,156973.0,0.109282,88.0,0.0,3.0,0.06309400000000001,100.0,0.0,0.090502,0.25237600000000004,DDoS
tcp,156440.0,0.08684700000000001,100.0,2.948615,1.0,3.060785,100.0,0.0,0.404206,3.160187,DDoS
tcp,176181.0,0.0,100.0,0.268006,1.0,0.268006,100.0,0.0,3.73126,0.268006,DDoS
tcp,106744.0,0.194444,73.0,3.683243,1.0,3.896797,100.0,0.0,0.318176,4.153607,DDoS
tcp,163525.0,0.470147,94.0,3.342192,1.0,3.738594,100.0,0.0,0.340225,4.399078,DDoS
udp,197824.0,1.955747,100.0,0.0,4.0,2.765836,100.0,0.0,0.484443,4.1546059999999985,DDoS
udp,15913.0,0.951878,100.0,2.038945,4.0,3.385101,100.0,0.0,0.493034,4.059657,DDoS
tcp,107870.0,0.084368,100.0,0.0,1.0,0.084368,100.0,0.0,0.191281,0.168737,DDoS
udp,80882.0,1.367413,78.0,1.973353,4.0,3.907165,100.0,0.0,1.024773,4.877335,DDoS
udp,45694.0,0.939066,45.0,2.04501,4.0,3.3730480000000003,100.0,0.0,0.494567,4.03936,DDoS
udp,251246.0,1.906597,100.0,0.0,4.0,2.696335,100.0,0.0,0.493207,4.045262,DDoS
tcp,191176.0,1.529807,18.0,0.0,3.0,2.157805,100.0,0.0,0.314429,3.372264,DDoS
tcp,100997.0,0.096518,79.0,2.922668,1.0,3.028381,100.0,0.0,0.410257,3.156023,DDoS
udp,133468.0,0.99141,100.0,1.99166,4.0,3.393178,100.0,0.0,0.489913,4.127887,DDoS
udp,37529.0,0.8629819999999999,100.0,2.854562,4.0,3.948911,100.0,0.0,1.014392,4.963963,DDoS
tcp,151913.0,0.0,100.0,0.0,3.0,0.0,100.0,0.0,0.068732,0.0,DDoS
udp,131022.0,0.81917,100.0,2.987108,4.0,3.990163,100.0,0.0,1.002395,4.993659,DDoS
tcp,26410.0,1.697009,100.0,0.0,3.0,2.399832,100.0,0.0,0.282662,3.618876,DDoS
udp,64699.0,0.969928,100.0,2.033208,4.0,3.4046800000000004,100.0,0.0,0.490669,4.111346,DDoS
tcp,53159.0,0.154093,49.0,2.681075,3.0,2.898902,100.0,0.0,0.337825,3.013367,DDoS
tcp,61679.0,0.271978,83.0,2.982305,3.0,3.3536980000000005,100.0,0.0,0.294608,3.626046,DDoS
tcp,202880.0,1.566527,100.0,0.0,1.0,2.203093,100.0,0.0,0.395163,3.506624,DDoS
udp,112624.0,0.6336970000000001,100.0,2.76171,4.0,3.657893,100.0,0.0,0.656417,4.106685,DDoS
udp,74891.0,0.701781,100.0,2.634431,4.0,3.626477,100.0,0.0,0.7356,4.1475230000000005,DDoS
udp,239542.0,1.937807,100.0,0.0,4.0,2.739943,100.0,0.0,0.484613,4.156629,DDoS
tcp,202865.0,0.0,62.0,0.266466,1.0,0.266466,100.0,0.0,3.752824,0.266466,DDoS
tcp,146275.0,2.151511,100.0,0.185484,1.0,2.336995,100.0,0.0,0.221743,4.488507,DDoS
udp,20872.0,1.281688,100.0,1.3831790000000002,4.0,3.195755,100.0,0.0,0.656526,4.105985,DDoS
udp,3569.0,0.941125,60.0,2.983905,4.0,4.314853,100.0,0.0,1.003301,4.983177,DDoS
tcp,30001.0,0.026011000000000003,100.0,0.100596,1.0,0.126608,100.0,0.082451,0.247353,0.152619,DDoS
tcp,86732.0,0.153224,100.0,0.0,1.0,0.088464,100.0,0.0,0.104165,0.353856,DDoS
udp,97186.0,0.994884,19.0,2.033808,4.0,3.4405620000000003,100.0,0.0,0.485582,4.165756,DDoS
udp,152331.0,0.809705,100.0,2.3779,4.0,3.522359,100.0,0.0,0.477052,4.127682,DDoS
udp,105935.0,1.368318,100.0,1.975068,4.0,3.910148,100.0,0.0,0.951885,4.884171,DDoS
udp,120612.0,2.061618,100.0,0.0,4.0,2.896541,100.0,0.0,0.391568,4.632807,DDoS
tcp,131457.0,0.0,100.0,0.0,3.0,0.0,100.0,0.0,0.091845,0.0,DDoS
tcp,192693.0,0.0,100.0,0.232295,1.0,0.232295,100.0,0.0,4.304871,0.232295,DDoS
udp,78386.0,0.631029,74.0,2.765928,4.0,3.658332,100.0,0.0,0.728996,4.106939,DDoS
tcp,58950.0,0.054313,98.0,0.0,1.0,0.054313,100.0,0.0,0.189362,0.108625,DDoS
udp,45093.0,0.633775,79.0,2.762189,4.0,3.658444,100.0,0.0,0.728908,4.113755,DDoS
tcp,181242.0,0.0,85.0,0.0,3.0,0.0,100.0,0.0,0.0,0.0,DDoS
udp,204058.0,1.923427,100.0,0.0,4.0,2.720097,100.0,0.0,0.490548,4.09288,DDoS
tcp,97932.0,0.113428,84.0,0.0,1.0,0.091797,100.0,0.025631,0.15378499999999998,0.253254,DDoS
tcp,168666.0,0.156704,71.0,0.0,1.0,0.110807,100.0,0.0,0.105687,0.33242,DDoS
tcp,126378.0,1.911697,77.0,0.0,3.0,2.652717,100.0,0.0,0.270766,4.430957,DDoS
tcp,73122.0,0.116011,100.0,0.0,1.0,0.115305,100.0,0.108716,0.114717,0.248683,DDoS
udp,63924.0,1.369601,100.0,1.969393,4.0,3.906301,100.0,0.0,1.024584,4.875184,DDoS
udp,188091.0,0.628326,100.0,2.764317,4.0,3.211386,100.0,0.0,0.653127,4.099968,DDoS
tcp,158374.0,0.125002,100.0,0.0,1.0,0.122984,100.0,0.059842,0.149769,0.27760100000000004,DDoS
tcp,3387.0,0.0016579999999999998,100.0,0.0,1.0,0.0016579999999999998,100.0,0.0,0.22692,0.0033159999999999995,DDoS
udp,146786.0,1.929743,100.0,0.0,4.0,2.728915,100.0,0.0,0.490662,4.118369,DDoS
tcp,137539.0,1.6993029999999998,100.0,0.0,3.0,2.402906,100.0,0.0,0.28949400000000003,3.635606,DDoS
udp,112862.0,0.047547000000000006,100.0,3.905642,4.0,3.972817,100.0,0.0,0.852511,4.0091800000000015,DDoS
udp,145755.0,1.92718,85.0,0.0,4.0,2.725344,100.0,0.0,0.490332,4.108272,DDoS
udp,25991.0,0.454457,100.0,3.988808,4.0,4.340064,100.0,0.0,0.839303,4.981806,DDoS
tcp,202387.0,0.040894,95.0,3.953143,3.0,3.994049,100.0,0.0,0.247881,4.034955,DDoS
tcp,203441.0,0.091462,76.0,3.638618,1.0,3.730075,100.0,0.0,0.352731,3.821533,DDoS
udp,173496.0,1.925077,51.0,0.0,4.0,2.722394,100.0,0.0,0.4905060000000001,4.1012900000000005,DDoS
udp,27288.0,0.975327,79.0,2.003055,4.0,3.382364,100.0,0.0,0.493261,4.0770339999999985,DDoS
tcp,107933.0,0.084359,100.0,0.0,1.0,0.084359,100.0,0.0,0.19128,0.168719,DDoS
udp,227264.0,1.897914,100.0,0.0,4.0,2.684052,100.0,0.0,0.494601,4.029631,DDoS
udp,157037.0,1.369455,100.0,1.971572,4.0,3.908267,100.0,0.0,1.025091,4.881308,DDoS
tcp,27665.0,0.079881,32.0,0.0,1.0,0.035724,100.0,0.0,0.131,0.214344,DDoS
udp,142810.0,0.747396,29.0,3.005757,4.0,3.950704,100.0,0.0,0.7938609999999999,4.8333080000000015,DDoS
tcp,3182.0,0.093326,100.0,0.003632,1.0,0.096957,100.0,0.111091,0.333273,0.190283,DDoS
tcp,103015.0,0.0,67.0,0.0,3.0,0.0,100.0,0.0,0.075039,0.0,DDoS
tcp,15220.0,0.0,35.0,0.0,3.0,0.0,100.0,0.0,0.087852,0.0,DDoS
tcp,204255.0,0.134027,100.0,3.3481160000000005,3.0,3.482143,100.0,0.0,0.284366,3.61617,DDoS
tcp,90194.0,1.41125,100.0,0.0,3.0,1.995807,100.0,0.0,0.328831,2.996094,DDoS
udp,14751.0,0.646712,90.0,2.753137,4.0,3.667249,100.0,0.0,0.728853,4.149864,DDoS
udp,90358.0,0.8793489999999999,100.0,3.097481,4.0,4.340772,100.0,0.0,0.93077,4.9858980000000015,DDoS
tcp,144491.0,1.943465,100.0,0.0,1.0,2.708809,100.0,0.0,0.338548,4.466136,DDoS
udp,225265.0,1.899769,93.0,0.0,4.0,2.6866790000000003,100.0,0.0,0.494889,4.0310739999999985,DDoS
tcp,93529.0,0.0,100.0,0.0,3.0,0.0,100.0,0.0,0.094499,0.0,DDoS
udp,174004.0,1.899975,94.0,0.0,4.0,2.68697,100.0,0.0,0.494482,4.0309620000000015,DDoS
udp,13313.0,0.648885,100.0,2.750167,4.0,3.667277,100.0,0.0,0.728823,4.153396,DDoS
udp,144982.0,1.954432,16.0,0.0,4.0,2.7638990000000003,100.0,0.0,0.484382,4.164671,DDoS
udp,125886.0,1.366211,91.0,1.980187,4.0,3.912281,100.0,0.0,1.024697,4.886099,DDoS
udp,114075.0,0.8720389999999999,45.0,2.762196,4.0,3.923736,100.0,0.0,0.619579,4.863386,DDoS
tcp,77661.0,1.415889,48.0,0.0,3.0,2.002369,100.0,0.0,0.33226500000000003,3.00369,DDoS
tcp,50661.0,0.0,100.0,0.0,3.0,0.0,100.0,0.0,0.101912,0.0,DDoS
udp,138162.0,0.815591,100.0,2.989696,4.0,3.989485,100.0,0.0,1.002386,4.987474,DDoS
udp,144062.0,1.367676,89.0,1.975643,4.0,3.909811,100.0,0.0,1.024922,4.884154,DDoS
udp,82794.0,0.632538,58.0,2.763607,4.0,3.658147,100.0,0.0,0.7290270000000001,4.1078769999999984,DDoS
tcp,144348.0,1.912635,100.0,0.0,3.0,2.643186,100.0,0.0,0.270758,4.462206,DDoS
tcp,96072.0,0.0,100.0,0.17341800000000002,1.0,0.17341800000000002,100.0,0.0,5.766414,0.17341800000000002,DDoS
tcp,80061.0,0.117661,100.0,4.028843,3.0,4.146504,100.0,0.0,0.205373,4.264165,DDoS
tcp,77896.0,0.123681,28.0,4.0289,3.0,4.15259,100.0,0.0,0.205247,4.276279,DDoS
udp,102855.0,1.370231,100.0,1.970661,4.0,3.908442,100.0,0.0,1.025402,4.885027,DDoS
tcp,58400.0,0.29082600000000003,93.0,2.958413,3.0,3.363633,100.0,0.0,0.295049,3.627218,DDoS
udp,87091.0,0.644335,100.0,2.7808330000000003,4.0,3.691831,100.0,0.0,0.724059,4.165072,DDoS
tcp,82314.0,0.0,90.0,0.0,3.0,0.0,100.0,0.0,0.094644,0.0,DDoS
udp,156954.0,0.646331,100.0,2.770133,4.0,3.683273,100.0,0.0,0.724885,4.175148,DDoS
udp,187961.0,0.645329,14.0,2.767249,4.0,3.679104,100.0,0.0,0.725837,4.167626,DDoS
udp,65818.0,0.6947800000000001,100.0,2.650024,4.0,3.632105,100.0,0.0,0.73463,4.149929,DDoS
udp,115648.0,0.6327520000000001,100.0,2.773731,4.0,3.222328,100.0,0.0,0.651906,4.117175,DDoS
tcp,136429.0,1.889218,100.0,0.0,3.0,2.6680200000000003,100.0,0.0,0.253381,4.124382,DDoS
tcp,192953.0,1.851276,95.0,0.0,3.0,2.547615,100.0,0.0,0.274993,4.343993,DDoS
udp,116193.0,0.633073,100.0,2.762201,4.0,3.657502,100.0,0.0,0.729348,4.105597,DDoS
udp,248778.0,0.14358900000000002,20.0,4.062249,4.0,4.205839,100.0,0.0,0.478595,4.349428,DDoS
tcp,152992.0,1.422585,100.0,0.0,3.0,2.010136,100.0,0.0,0.323008,3.086875,DDoS
udp,26195.0,0.6329359999999999,100.0,2.760145,4.0,3.655234,100.0,0.0,0.729375,4.107707,DDoS
udp,48076.0,0.6503720000000001,100.0,2.77189,4.0,3.691579,100.0,0.0,0.724172,4.16169,DDoS
tcp,81080.0,0.065956,98.0,0.0,1.0,0.065956,100.0,0.0,0.19579,0.131912,DDoS
tcp,26285.0,0.113989,100.0,0.0,1.0,0.080417,100.0,0.13274,0.152919,0.254619,DDoS
udp,237271.0,1.923004,100.0,0.0,4.0,2.719497,100.0,0.0,0.4907760000000001,4.092207,DDoS
udp,81593.0,1.2327290000000002,23.0,2.0084720000000003,4.0,3.674255000000001,100.0,0.0,0.398487,4.952463,DDoS
udp,185753.0,0.640157,100.0,2.749734,4.0,3.655052,100.0,0.0,0.6566420000000001,4.1093980000000006,DDoS
udp,214027.0,1.282461,26.0,1.387352,4.0,3.2010110000000003,100.0,0.0,0.7289180000000001,4.114218,DDoS
tcp,261876.0,0.0,100.0,0.0,3.0,0.0,100.0,0.0,0.0,0.0,DDoS
tcp,146359.0,0.120246,100.0,0.0,3.0,0.069424,100.0,0.0,0.09252,0.277697,DDoS
tcp,109030.0,1.900703,89.0,0.0,3.0,2.636464,100.0,0.0,0.271787,4.408353,DDoS
udp,33064.0,0.952832,100.0,2.038682,4.0,3.386188,100.0,0.0,0.492969,4.061431,DDoS
udp,170198.0,1.955578,87.0,0.0,4.0,2.765557,100.0,0.0,0.484428,4.162474,DDoS
tcp,83636.0,0.116276,100.0,4.032359,3.0,4.148626,100.0,0.0,0.205082,4.264894,DDoS
tcp,77496.0,2.350669,100.0,0.0,3.0,2.350669,100.0,0.0,0.101517,4.701339,DDoS
tcp,100982.0,0.046592,87.0,0.170477,1.0,0.217069,100.0,0.096334,0.289002,0.26366,DDoS
tcp,63832.0,0.0,100.0,0.0,3.0,0.0,100.0,0.0,0.085168,0.0,DDoS
udp,51951.0,0.8227700000000001,66.0,2.981002,4.0,3.984496,100.0,0.0,0.93137,4.996315,DDoS
tcp,122477.0,1.447755,34.0,0.0,1.0,2.03829,100.0,0.0,0.407294,3.224844,DDoS
tcp,179317.0,1.892475,79.0,0.0,3.0,2.608102,100.0,0.0,0.272557,4.432291,DDoS
tcp,86531.0,1.571586,32.0,0.0,3.0,2.21634,100.0,0.0,0.306768,3.468393,DDoS
tcp,194599.0,0.061384,100.0,3.900475,3.0,3.961859,100.0,0.0,0.24805500000000005,4.023243,DDoS
udp,6425.0,1.735837,100.0,0.0,4.0,3.00651,100.0,0.0,0.838082,4.024284,DDoS
udp,122053.0,2.058173,100.0,0.0,4.0,2.892903,100.0,0.0,0.393319,4.617651,DDoS
udp,106225.0,1.870191,100.0,0.992554,4.0,3.637280000000001,100.0,0.0,1.004954,4.98179,DDoS
udp,67152.0,1.906677,100.0,0.0,4.0,2.696368,100.0,0.0,0.395131,4.0626760000000015,DDoS
tcp,235222.0,0.0,67.0,0.307677,1.0,0.307677,100.0,0.0,3.250162,0.307677,DDoS
tcp,29673.0,0.08006,100.0,3.598522,3.0,3.678581,100.0,0.0,0.269471,3.758641,DDoS
udp,84520.0,0.916592,100.0,2.124121,4.0,3.420374,100.0,0.0,0.48925,4.071023,DDoS
tcp,84397.0,1.642282,89.0,0.07458300000000001,1.0,2.3908240000000003,100.0,0.0,0.352652,3.69696,DDoS
udp,165866.0,0.640363,100.0,2.748004,4.0,3.653601,100.0,0.0,0.729737,4.110711,DDoS
udp,198043.0,1.774561,100.0,0.0,4.0,2.480348,100.0,0.0,0.435105,4.051438,DDoS
udp,85336.0,0.91859,100.0,2.1199220000000003,4.0,3.419001,100.0,0.0,0.489293,4.071004,DDoS
tcp,178957.0,1.88982,100.0,0.0,3.0,2.605176,100.0,0.0,0.272567,4.424405,DDoS
tcp,257715.0,0.071522,100.0,3.871871,3.0,3.943393,100.0,0.0,0.256437,4.014915,DDoS
tcp,26885.0,0.0,89.0,0.0,3.0,0.0,100.0,0.0,0.094509,0.0,DDoS
udp,13574.0,0.951545,100.0,2.03948,4.0,3.385168,100.0,0.0,0.493036,4.059084,DDoS
tcp,93928.0,1.358429,100.0,0.0,1.0,1.111645,100.0,0.024007,0.120036,3.024368,DDoS
tcp,169492.0,0.0,99.0,0.0,3.0,0.0,100.0,0.0,0.070469,0.0,DDoS
udp,261187.0,1.02119,100.0,2.014869,4.0,3.036058,100.0,0.0,0.494011,4.057248,DDoS
udp,233643.0,0.314623,100.0,4.036734,4.0,4.35136,100.0,0.0,0.466692,4.665986,DDoS
tcp,131010.0,0.09653,63.0,3.984329,3.0,4.080853,100.0,0.0,0.206845,4.177378,DDoS
udp,207225.0,1.923817,100.0,0.0,4.0,2.720643,100.0,0.0,0.490683,4.09456,DDoS
tcp,2263.0,0.12279,51.0,0.0,1.0,0.114681,51.0,0.044307,0.132017,0.264257,DDoS
udp,28536.0,1.289957,39.0,1.397306,4.0,3.221252,100.0,0.0,0.651716,4.16323,DDoS
tcp,171581.0,0.084547,100.0,0.0,3.0,0.042274,100.0,0.0,0.127189,0.211368,DDoS
tcp,85094.0,0.14479,95.0,0.0,1.0,0.083595,100.0,0.0,0.104959,0.334379,DDoS
udp,49566.0,1.498761,72.0,1.794168,4.0,3.913517,100.0,0.0,1.018756,4.9995980000000015,DDoS
tcp,105562.0,0.097361,19.0,3.4723910000000004,3.0,3.569756,100.0,0.0,0.282674,3.667121,DDoS
udp,79327.0,1.003125,100.0,1.964951,4.0,3.383067,100.0,0.0,0.4909060000000001,4.125325,DDoS
udp,51206.0,0.889423,100.0,2.792911,4.0,3.926101,100.0,0.0,1.019201,4.965475,DDoS
tcp,12758.0,0.092772,100.0,0.0,3.0,0.053562,100.0,0.0,0.095604,0.214247,DDoS
udp,248077.0,0.152894,88.0,4.0706760000000015,4.0,4.22357,100.0,0.0,0.477319,4.3764650000000005,DDoS
tcp,148257.0,0.108074,68.0,0.0,3.0,0.062397,100.0,0.0,0.092304,0.249586,DDoS
tcp,46166.0,1.619609,89.0,0.0,1.0,2.271388,100.0,0.14710299999999998,0.462699,3.662611,DDoS
udp,167393.0,1.925537,100.0,0.0,4.0,2.722875,100.0,0.0,0.409311,4.115935,DDoS
udp,141175.0,0.66481,94.0,2.650071,4.0,3.5902540000000003,100.0,0.0,0.472019,4.061312,DDoS
tcp,170398.0,2.233718,100.0,0.0,3.0,2.233718,100.0,0.0,0.154548,4.467436,DDoS
udp,112111.0,0.044563,35.0,3.911257,4.0,3.974115,100.0,0.0,0.8520120000000001,4.0094660000000015,DDoS
udp,226558.0,0.38245,94.0,4.042484,4.0,4.424937,100.0,0.0,0.459463,4.80739,DDoS
tcp,152562.0,0.121023,58.0,0.0,3.0,0.060511,100.0,0.0,0.112228,0.302557,DDoS
udp,195471.0,1.285326,68.0,1.381219,4.0,3.198943,100.0,0.0,0.7294,4.108074,DDoS
udp,2827.0,0.938321,100.0,2.046489,4.0,3.373476,100.0,0.0,0.494429,4.038279,DDoS
tcp,72991.0,1.85826,100.0,0.0,3.0,1.313988,100.0,0.0,0.083737,3.941965,DDoS
udp,151039.0,0.6303770000000001,92.0,2.7200900000000003,4.0,3.611578,100.0,0.0,0.469703,4.057578,DDoS
udp,53393.0,0.676724,32.0,2.687225,4.0,3.643799,100.0,0.0,0.732838,4.147739,DDoS
tcp,191119.0,1.862534,61.0,0.0,3.0,2.558903,100.0,0.0,0.274901,4.379245,DDoS
udp,106089.0,0.7238319999999999,100.0,2.586488,4.0,3.609791,100.0,0.0,0.738246,4.144701,DDoS
udp,139609.0,1.954589,40.0,0.0,4.0,2.764117,100.0,0.0,0.4844100000000001,4.1653769999999986,DDoS
tcp,40515.0,0.0,81.0,0.0,3.0,0.0,100.0,0.0,0.100253,0.0,DDoS
udp,188214.0,0.640935,69.0,2.749744,4.0,3.656157,100.0,0.0,0.729564,4.11232,DDoS
tcp,185837.0,0.0,100.0,0.0,3.0,0.0,100.0,0.0,0.0,0.0,DDoS
udp,84298.0,0.979691,35.0,2.885294,4.0,4.27051,100.0,0.0,0.94414,4.986997,DDoS
tcp,245928.0,0.0,59.0,0.0,3.0,0.0,100.0,0.0,0.0,0.0,DDoS
udp,52163.0,1.007601,100.0,1.966503,4.0,3.390931,100.0,0.0,0.49089,4.136964,DDoS
udp,90014.0,1.656872,100.0,0.0,4.0,2.023035,100.0,0.0,0.333758,4.058433,DDoS
tcp,177277.0,0.503141,69.0,3.332835,1.0,3.701701,100.0,0.0,0.341218,4.413087,DDoS
udp,13628.0,0.647384,100.0,2.7534240000000003,4.0,3.668417,100.0,0.0,0.728833,4.153298,DDoS
udp,3971.0,0.648048,62.0,2.752204,4.0,3.668132,100.0,0.0,0.72869,4.153546,DDoS
tcp,28779.0,0.241986,41.0,3.124491,1.0,3.459639,100.0,0.0,0.350125,3.687161,DDoS
udp,216935.0,0.462257,64.0,4.027472,4.0,4.4897290000000005,100.0,0.0,0.45445,4.951987,DDoS
udp,98808.0,0.026086,87.0,3.948641,4.0,3.985521,100.0,0.0,0.8474700000000001,4.005566,DDoS
tcp,33051.0,0.076422,100.0,3.595452,3.0,3.671874,100.0,0.0,0.269479,3.748296,DDoS
tcp,134968.0,0.42864,100.0,3.485405,1.0,3.814602,100.0,0.226243,0.403015,4.420019,DDoS
udp,41298.0,0.649771,29.0,2.74475,4.0,3.663178,100.0,0.0,0.729789,4.148325,DDoS
tcp,167323.0,2.242138,43.0,0.0,3.0,2.242138,100.0,0.0,0.153564,4.484277,DDoS
tcp,156114.0,2.014501,100.0,0.0,3.0,2.014501,100.0,0.0,0.138906,4.029001999999998,DDoS
udp,82952.0,1.414494,100.0,1.981729,4.0,3.982038,100.0,0.0,1.003286,4.9984199999999985,DDoS
tcp,254280.0,1.941352,100.0,0.182925,1.0,2.124277,100.0,0.0,0.210192,4.065629,DDoS
udp,78805.0,0.97335,97.0,2.026093,4.0,3.402385,100.0,0.0,0.490963,4.112476999999998,DDoS
udp,252322.0,1.937125,100.0,0.0,4.0,2.738897,100.0,0.0,0.403834,4.158441000000002,DDoS
udp,9850.0,0.464203,100.0,3.993283,4.0,4.339086,100.0,0.0,0.8383079999999999,4.995247,DDoS
tcp,157521.0,2.102516,100.0,0.0,1.0,2.102516,100.0,0.0,0.205781,4.205033,DDoS
tcp,25518.0,0.164969,100.0,0.0,1.0,0.148616,100.0,0.040218,0.119235,0.398503,DDoS
udp,180973.0,1.859059,49.0,0.0,4.0,2.625677,100.0,0.0,0.418112,4.05478,DDoS
tcp,6300.0,2.081196,83.0,0.0,1.0,1.4716280000000002,100.0,0.0,0.204273,4.4148830000000014,DDoS
udp,127801.0,0.633567,29.0,2.759979,4.0,3.655978,100.0,0.0,0.729449,4.104319,DDoS
udp,132170.0,1.00622,100.0,1.960255,4.0,3.382729,100.0,0.0,0.490999,4.127775,DDoS
tcp,219455.0,0.0,100.0,0.0,3.0,0.0,100.0,0.0,0.0,0.0,DDoS
udp,240001.0,1.920976,88.0,0.0,4.0,2.716625,100.0,0.0,0.490967,4.08841,DDoS
udp,56275.0,0.940259,95.0,2.042307,4.0,3.372027,100.0,0.0,0.4949270000000001,4.040664,DDoS
udp,68256.0,0.038767,100.0,3.990683,4.0,4.023175,100.0,0.0,0.835083,4.077689,DDoS
tcp,244364.0,0.009535,100.0,3.919586,3.0,3.929072,100.0,0.0,0.251702,3.938558,DDoS
tcp,112744.0,0.0,100.0,0.0,3.0,0.0,100.0,0.0,0.099302,0.0,DDoS
udp,30230.0,0.454562,100.0,3.985812,4.0,4.341221,100.0,0.0,0.83962,4.9828199999999985,DDoS
tcp,218249.0,0.003516,100.0,3.966344,3.0,3.969992,100.0,0.0,0.249121,3.97364,DDoS
tcp,78561.0,0.071323,100.0,0.0,1.0,0.071323,100.0,0.0,0.171997,0.142646,DDoS
tcp,4547.0,0.006288,100.0,0.0,1.0,0.006288,100.0,0.0,0.225254,0.012576,DDoS
udp,93271.0,0.383378,82.0,3.3212900000000003,4.0,3.863426,100.0,0.0,0.613456,4.140463,DDoS
tcp,147395.0,0.090719,100.0,0.0,3.0,0.04536,100.0,0.0,0.113001,0.226798,DDoS
udp,76711.0,0.630415,41.0,2.76673,4.0,3.658267,100.0,0.0,0.728988,4.10607,DDoS
tcp,33226.0,0.13041,100.0,0.0,1.0,0.129405,100.0,0.119177,0.11852,0.281663,DDoS
udp,101145.0,1.890332,100.0,0.966155,4.0,3.639349,100.0,0.0,0.8597670000000001,4.999536,DDoS
udp,67609.0,1.340014,100.0,2.123381,4.0,4.018217,100.0,0.0,0.995233,4.991169,DDoS
udp,220244.0,0.425375,64.0,4.036682,4.0,4.462054,100.0,0.0,0.456812,4.887427,DDoS
tcp,201187.0,0.0,66.0,0.0,3.0,0.0,100.0,0.0,0.0,0.0,DDoS
tcp,221039.0,0.0,25.0,0.0,3.0,0.0,100.0,0.0,0.0,0.0,DDoS
tcp,131111.0,2.143151,50.0,0.200709,1.0,2.343859,100.0,0.106219,0.215804,4.48701,DDoS
udp,213474.0,1.716547,100.0,0.0,4.0,2.351155,100.0,0.0,0.449084,4.050045,DDoS
udp,51235.0,0.301064,100.0,3.499328,4.0,3.924996,100.0,0.0,0.601928,4.145992,DDoS
udp,135032.0,0.97907,96.0,2.017334,4.0,3.401407,100.0,0.0,0.489055,4.126936,DDoS
udp,173488.0,1.893713,100.0,0.0,4.0,2.677863,100.0,0.0,0.412242,4.048636,DDoS
tcp,239566.0,0.13178299999999998,37.0,3.38115,3.0,3.512929,100.0,0.0,0.282371,3.644709,DDoS
tcp,8030.0,0.149831,24.0,0.0,1.0,0.094925,24.0,0.024467,0.097807,0.353793,DDoS
tcp,119822.0,0.0,58.0,0.0,3.0,0.0,100.0,0.0,0.067386,0.0,DDoS
udp,124568.0,0.821591,100.0,2.9838720000000003,4.0,3.989272,100.0,0.0,0.930825,4.996348,DDoS
udp,101006.0,1.368265,76.0,1.971411,4.0,3.906419,100.0,0.0,0.952212,4.87926,DDoS
tcp,85898.0,1.927951,73.0,0.0,3.0,2.725761,100.0,0.0,0.251187,4.144874,DDoS
tcp,218433.0,0.0,100.0,0.0,3.0,0.0,100.0,0.0,0.0,0.0,DDoS
tcp,178329.0,0.0,99.0,0.0,3.0,0.0,100.0,0.0,0.05886,0.0,DDoS
udp,128626.0,1.003014,38.0,1.969317,4.0,3.38729,100.0,0.0,0.490706,4.128978,DDoS
tcp,120367.0,0.079889,100.0,3.662526,3.0,3.742415,100.0,0.0,0.269258,3.822304,DDoS
udp,238589.0,0.263586,100.0,4.038374,4.0,4.30196,100.0,0.0,0.471128,4.565544999999998,DDoS
udp,43019.0,0.8256030000000001,100.0,2.975988,4.0,3.985711,100.0,0.0,1.002845,4.998287,DDoS
tcp,20282.0,0.076136,40.0,0.022698,1.0,0.098834,100.0,0.102356,0.301664,0.17497,DDoS
udp,1778.0,0.7974899999999999,82.0,2.934488,4.0,3.906273,100.0,0.0,0.887808,4.887857,DDoS
udp,391.0,0.993546,68.0,2.02782,4.0,3.4323940000000004,100.0,0.0,0.485499,4.167561,DDoS
udp,53190.0,0.969347,78.0,2.032064,4.0,3.402785,100.0,0.0,0.490636,4.105353,DDoS
udp,75440.0,0.969784,100.0,2.03365,4.0,3.404898,100.0,0.0,0.4907,4.112546,DDoS
tcp,249312.0,0.108211,100.0,3.932519,1.0,4.04073,100.0,0.0,0.328331,4.1489400000000005,DDoS
tcp,261854.0,0.0,100.0,0.0,3.0,0.0,100.0,0.0,0.097484,0.0,DDoS
tcp,97571.0,1.6874509999999998,15.0,0.0,3.0,2.380912,100.0,0.0,0.281275,3.711644,DDoS
tcp,75983.0,0.037616,62.0,3.609146,3.0,3.64675,100.0,0.0,0.270647,3.684354,DDoS
tcp,115837.0,0.092943,100.0,0.0,1.0,0.092943,100.0,0.0,0.193801,0.185886,DDoS
udp,12619.0,0.911909,80.0,2.939192,4.0,4.22874,100.0,0.0,1.024329,4.886508999999998,DDoS
udp,146916.0,1.682003,94.0,0.0,4.0,2.081616,100.0,0.0,0.403582,4.1193480000000005,DDoS
tcp,75359.0,2.039443,100.0,0.0,3.0,1.442104,100.0,0.0,0.08292200000000001,4.326313,DDoS
udp,214723.0,1.923276,100.0,0.0,4.0,2.719878,100.0,0.0,0.49076,4.0933410000000015,DDoS
tcp,231731.0,0.0,93.0,0.338248,1.0,0.338248,100.0,0.0,2.956411,0.338248,DDoS
tcp,52927.0,2.212086,100.0,0.0,3.0,2.212086,100.0,0.0,0.135949,4.424172,DDoS
udp,122430.0,0.646709,90.0,2.773491,4.0,3.687375,100.0,0.0,0.724425,4.175356,DDoS
udp,187057.0,0.640781,100.0,2.750179,4.0,3.656373,100.0,0.0,0.729557,4.112668,DDoS
tcp,116272.0,0.08024400000000001,26.0,4.034111,3.0,4.1143550000000015,100.0,0.0,0.206641,4.194598,DDoS
tcp,24119.0,2.226342,100.0,0.0,3.0,2.226342,100.0,0.0,0.135964,4.452685,DDoS
udp,58518.0,0.632919,100.0,2.764767,4.0,3.65982,100.0,0.0,0.7287779999999999,4.113565,DDoS
tcp,214592.0,0.07997,36.0,3.957012,1.0,4.036976,100.0,0.0,0.326961,4.1169400000000005,DDoS
tcp,218684.0,1.533051,47.0,0.0,3.0,2.164573,100.0,0.0,0.31805,3.353326,DDoS
udp,219893.0,0.433191,100.0,4.036724,4.0,4.469918,100.0,0.0,0.45647,4.903112,DDoS
udp,181466.0,1.2871629999999998,100.0,1.368574,4.0,3.188186,100.0,0.0,0.6490600000000001,4.1420650000000006,DDoS
tcp,256497.0,0.0,100.0,0.0,3.0,0.0,100.0,0.0,0.0,0.0,DDoS
tcp,213459.0,0.008548,100.0,3.915055,3.0,3.923604,100.0,0.0,0.248921,3.932152,DDoS
udp,158635.0,0.632062,90.0,2.714678,4.0,3.608547,100.0,0.0,0.469911,4.055599,DDoS
tcp,257838.0,0.0,100.0,0.0,3.0,0.0,100.0,0.0,0.096995,0.0,DDoS
tcp,45792.0,0.297587,100.0,2.9537,3.0,3.370765,100.0,0.0,0.29538200000000003,3.628088,DDoS
tcp,22963.0,0.115459,98.0,0.0,1.0,0.08164099999999999,100.0,0.133246,0.153064,0.24605900000000006,DDoS
tcp,254211.0,2.032819,100.0,0.0,3.0,2.032819,100.0,0.0,0.140096,4.065638,DDoS
tcp,27079.0,1.487576,38.0,0.0,1.0,2.57594,100.0,0.08819500000000001,0.407501,3.476563,DDoS
tcp,95549.0,1.906834,72.0,0.0,3.0,2.650173,100.0,0.0,0.271475,4.407072,DDoS
tcp,122709.0,1.854855,57.0,0.146832,1.0,2.760409,100.0,0.165874,0.491636,4.261198,DDoS
tcp,126526.0,0.0,100.0,0.0,3.0,0.0,100.0,0.0,0.0,0.0,DDoS
tcp,27448.0,1.215824,77.0,0.0,1.0,0.99083,100.0,0.063926,0.129802,2.703222,DDoS
udp,26498.0,1.375311,52.0,1.957696,4.0,3.902648,100.0,0.0,1.024549,4.884633,DDoS
udp,153671.0,0.636209,98.0,2.754453,4.0,3.654187,100.0,0.0,0.729641,4.1059220000000005,DDoS
tcp,96877.0,0.0,100.0,0.0,3.0,0.0,100.0,0.0,0.098464,0.0,DDoS
udp,71270.0,1.368938,100.0,1.970325,4.0,3.90629,100.0,0.0,1.024656,4.878538,DDoS
udp,92376.0,0.8443809999999999,73.0,3.170894,4.0,4.364708,100.0,0.0,0.793841,4.985704,DDoS
tcp,217358.0,0.119956,68.0,3.392429,3.0,3.512389,100.0,0.0,0.283599,3.632348,DDoS
tcp,149005.0,0.042958,100.0,4.004256,3.0,4.0471910000000015,100.0,0.0,0.207979,4.0901260000000015,DDoS
tcp,77572.0,2.350699,100.0,0.0,3.0,2.350699,100.0,0.0,0.101516,4.701398,DDoS
tcp,35016.0,0.0,68.0,0.0,3.0,0.0,100.0,0.0,0.083758,0.0,DDoS
udp,121602.0,0.8112659999999999,100.0,3.0005900000000003,4.0,3.999827,100.0,0.0,0.856807,4.98768,DDoS
udp,155489.0,0.705052,55.0,3.0024330000000004,4.0,3.912533,100.0,0.0,0.872866,4.720335,DDoS
tcp,152560.0,1.422318,27.0,0.0,3.0,2.009729,100.0,0.0,0.323073,3.0868740000000003,DDoS
tcp,148685.0,1.416227,100.0,0.0,3.0,2.000378,100.0,0.0,0.323074,3.0866580000000003,DDoS
udp,19559.0,0.6328600000000001,100.0,2.759408,4.0,3.6544,100.0,0.0,0.729486,4.105398,DDoS
udp,193718.0,1.909068,54.0,0.0,4.0,2.699825,100.0,0.0,0.493354,4.053945,DDoS
tcp,37734.0,1.557511,35.0,0.0,1.0,2.197934,100.0,0.0,0.386227,3.421707,DDoS
tcp,134097.0,0.137942,86.0,0.0,1.0,0.112463,100.0,0.038954,0.137371,0.293006,DDoS
tcp,69697.0,0.15273,40.0,3.3643300000000003,1.0,3.532255,100.0,0.176484,0.471983,3.733868,DDoS
tcp,30066.0,1.094343,70.0,0.0,1.0,0.904555,100.0,0.0,0.12211099999999997,2.44436,DDoS
udp,70794.0,1.920843,100.0,0.0,4.0,2.716453,100.0,0.0,0.394029,4.085561,DDoS
tcp,63733.0,1.76668,100.0,0.0,1.0,1.249232,100.0,0.0,0.27171300000000004,3.747695,DDoS
tcp,169353.0,0.273718,79.0,3.03167,1.0,3.415271,100.0,0.0,0.365219,3.652009,DDoS
tcp,248253.0,0.021591,100.0,3.938481,3.0,3.960073,100.0,0.0,0.249927,3.981664,DDoS
tcp,254776.0,2.034686,100.0,0.0,3.0,2.034686,100.0,0.0,0.140118,4.069371,DDoS
udp,121595.0,1.367243,100.0,1.977432,4.0,3.910985,100.0,0.0,1.024902,4.885543,DDoS
tcp,7716.0,0.166986,13.0,0.0,1.0,0.166202,100.0,0.05565,0.119194,0.35525500000000004,DDoS
udp,31667.0,0.31145,100.0,3.484467,4.0,3.924877,100.0,0.0,0.599372,4.150543,DDoS
tcp,149502.0,1.545262,99.0,0.0,3.0,2.181352,100.0,0.0,0.310604,3.386186,DDoS
udp,122555.0,2.339695,100.0,0.0,4.0,3.308767,100.0,0.0,0.928189,4.980596,DDoS
udp,33930.0,0.994946,71.0,2.027596,4.0,3.434343,100.0,0.0,0.485541,4.16372,DDoS
tcp,58762.0,1.592128,44.0,0.0,1.0,2.24833,100.0,0.0,0.384825,3.477697,DDoS
tcp,22537.0,0.008592,29.0,0.0,1.0,0.008592,100.0,0.0,0.211417,0.017183,DDoS
udp,5351.0,1.735928,100.0,0.0,4.0,3.006677,100.0,0.0,0.8380299999999999,4.022913,DDoS
udp,156499.0,1.208794,100.0,1.971726,4.0,3.584537,100.0,0.0,0.95187,4.881764,DDoS
udp,125953.0,0.8212370000000001,100.0,2.984271,4.0,3.988574,100.0,0.0,1.002573,4.995877,DDoS
tcp,59292.0,1.133701,100.0,0.26905500000000004,1.0,1.402756,100.0,0.0,0.08694,2.536457,DDoS
udp,142684.0,0.74533,100.0,3.005711,4.0,3.950712,100.0,0.0,0.866397,4.82757,DDoS
tcp,140705.0,0.141953,100.0,0.0,1.0,0.169957,100.0,0.054387,0.15829400000000002,0.337056,DDoS
udp,222252.0,1.282764,45.0,1.384763,4.0,3.198839,100.0,0.0,0.7291449999999999,4.11421,DDoS
udp,174844.0,0.644788,100.0,2.769564,4.0,3.680531,100.0,0.0,0.7255,4.171093,DDoS
udp,210572.0,1.726979,47.0,0.0,4.0,2.373806,100.0,0.0,0.446924,4.058169,DDoS
udp,34034.0,1.374015,100.0,1.961652,4.0,3.90474,100.0,0.0,1.02423,4.889809,DDoS
udp,78634.0,1.069709,95.0,2.694869,4.0,4.207397,100.0,0.0,0.956444,4.988446,DDoS
tcp,239340.0,0.0,38.0,0.0,3.0,0.0,100.0,0.0,0.0,0.0,DDoS
tcp,70681.0,0.130934,100.0,3.604114,1.0,3.735045,100.0,0.0,0.355742,3.865976,DDoS
tcp,236484.0,0.0,85.0,0.0,3.0,0.0,100.0,0.0,0.0,0.0,DDoS
tcp,88923.0,0.08017200000000001,76.0,0.0,1.0,0.08017200000000001,100.0,0.0,0.174099,0.160343,DDoS
tcp,155007.0,0.0,98.0,0.0,3.0,0.0,100.0,0.0,0.0,0.0,DDoS
udp,9743.0,0.944117,95.0,2.978143,4.0,4.313313,100.0,0.0,1.003264,4.98577,DDoS
udp,148514.0,0.8471120000000001,96.0,2.297508,4.0,3.494901,100.0,0.0,0.479708,4.126553,DDoS
tcp,217454.0,2.0036810000000003,95.0,0.0,3.0,2.0036810000000003,100.0,0.0,0.139167,4.007363,DDoS
udp,45128.0,0.938973,100.0,2.044924,4.0,3.3728290000000003,100.0,0.0,0.494563,4.039432,DDoS
udp,11018.0,0.949801,16.0,2.039896,4.0,3.383118,100.0,0.0,0.493038,4.055084,DDoS
tcp,118888.0,0.088942,100.0,3.654763,3.0,3.743705,100.0,0.0,0.269481,3.832647,DDoS
udp,202178.0,1.282826,48.0,1.384209,4.0,3.198399,100.0,0.0,0.729305,4.106961,DDoS
udp,54193.0,0.648829,38.0,2.773368,4.0,3.690766,100.0,0.0,0.723934,4.165453,DDoS
udp,81023.0,1.028484,99.0,2.782076,4.0,4.2362910000000005,100.0,0.0,0.950762,4.988091000000002,DDoS
tcp,142602.0,0.133357,86.0,0.0,1.0,0.131407,100.0,0.029807,0.115835,0.294947,DDoS
tcp,205888.0,0.0,100.0,0.0,3.0,0.0,100.0,0.0,0.151186,0.0,DoS
tcp,188542.0,0.0,100.0,0.0,3.0,0.0,100.0,0.0,0.157523,0.0,DoS
tcp,120962.0,0.108795,100.0,0.0,3.0,0.054398,100.0,0.0,0.148179,0.271988,DoS
tcp,243887.0,0.0,100.0,0.181914,1.0,0.181914,100.0,0.0,5.497103,0.181914,DoS
tcp,87183.0,0.0,75.0,0.0,3.0,0.0,75.0,0.0,0.05474,0.0,DoS
udp,252566.0,1.660562,100.0,0.0,4.0,2.029105,100.0,0.0,0.25883,3.586859,DoS
udp,219949.0,0.5302859999999999,100.0,2.541004,4.0,2.847039,100.0,0.0,0.406397,3.906498000000001,DoS
udp,239167.0,2.106487,92.0,0.0,4.0,2.105592,92.0,0.0,0.226817,4.298024,DoS
udp,48372.0,0.003884,100.0,3.573978,4.0,3.576913,100.0,0.0,0.279645,3.5832330000000003,DoS
udp,33533.0,0.451816,70.0,1.373328,4.0,2.383213,70.0,0.0,0.404641,2.605234,DoS
udp,149277.0,1.556191,73.0,0.0,4.0,2.695345,73.0,0.0,0.242967,3.607285,DoS
udp,13167.0,1.7943369999999998,100.0,0.0,4.0,3.5885860000000003,100.0,0.0,0.446815,4.496029,DoS
udp,21005.0,1.585349,97.0,0.0,4.0,2.7413990000000004,97.0,0.0,0.229962,3.801906,DoS
udp,248423.0,1.6776080000000002,100.0,0.0,4.0,2.047331,100.0,0.0,0.255266,3.6697,DoS
tcp,6296.0,0.0,100.0,0.0,3.0,0.0,100.0,0.0,0.130448,0.0,DoS
udp,166302.0,1.7900779999999998,70.0,0.0,4.0,3.579963,70.0,0.0,0.446596,4.489054,DoS
udp,156303.0,0.5627810000000001,65.0,3.2764290000000003,4.0,3.688432,65.0,0.0,0.323859,4.648199,DoS
tcp,232341.0,0.0,100.0,0.180849,1.0,0.180849,100.0,0.0,5.529475,0.180849,DoS
tcp,149085.0,0.0,19.0,0.0,3.0,0.0,19.0,0.0,0.136344,0.0,DoS
tcp,206173.0,2.13418,100.0,0.0,3.0,1.509093,100.0,0.0,0.127317,4.52728,DoS
tcp,42506.0,2.040171,57.0,0.0,3.0,1.177893,57.0,0.0,0.135484,4.7115730000000005,DoS
udp,243502.0,1.697572,100.0,0.0,4.0,2.067773,100.0,0.0,0.250973,3.769148,DoS
tcp,179573.0,0.0,100.0,0.0,3.0,0.0,100.0,0.0,0.129609,0.0,DoS
tcp,663.0,0.0,100.0,0.0,3.0,0.0,100.0,0.0,0.125064,0.0,DoS
udp,143984.0,1.741442,47.0,0.0,4.0,3.0162,47.0,0.0,0.247802,4.038624,DoS
udp,57053.0,1.924726,100.0,0.0,4.0,3.847953,100.0,0.0,0.621607,4.912315,DoS
udp,47558.0,0.142229,100.0,3.257386,4.0,3.387074,100.0,0.0,0.282114,3.617792,DoS
udp,86379.0,1.7842759999999998,100.0,0.0,4.0,3.2924230000000003,100.0,0.0,0.388967,4.705916,DoS
tcp,97757.0,0.041466,100.0,0.0,3.0,0.02394,100.0,0.0,0.105912,0.095761,DoS
tcp,14816.0,0.0,100.0,0.0,3.0,0.0,100.0,0.0,0.096561,0.0,DoS
tcp,48826.0,0.074254,15.0,0.0,1.0,0.049208,15.0,0.100355,0.127605,0.195852,DoS
udp,59196.0,1.863119,36.0,0.0,4.0,3.292013,36.0,0.0,0.459825,4.9679910000000005,DoS
udp,171977.0,1.755293,100.0,0.0,4.0,3.065556,100.0,0.0,0.464994,4.9218449999999985,DoS
udp,206722.0,0.018507,100.0,3.997703,4.0,4.023414,100.0,0.0,0.247821,4.040941,DoS
udp,48593.0,1.795966,99.0,0.0,4.0,3.5918940000000004,99.0,0.0,0.4467890000000001,4.498124,DoS
udp,201827.0,0.023586000000000003,100.0,2.5424900000000004,4.0,2.581038,100.0,0.0,0.386569,2.609535,DoS
udp,250795.0,1.666751,100.0,0.0,4.0,2.035341,100.0,0.0,0.257348,3.624991000000001,DoS
tcp,139760.0,0.0,43.0,0.0,3.0,0.0,43.0,0.0,0.119291,0.0,DoS
udp,246578.0,1.6499099999999998,84.0,0.012228,4.0,2.839415,84.0,0.0,0.269532,4.173367,DoS
udp,69177.0,0.010004,26.0,3.560971,4.0,3.574992,26.0,0.0,0.27966,3.589231,DoS
udp,182138.0,1.7541080000000002,27.0,0.0,4.0,3.0606720000000003,27.0,0.0,0.469077,4.922717,DoS
udp,204149.0,1.053249,100.0,0.0,4.0,2.105046,100.0,0.0,0.32626700000000003,2.675521,DoS
udp,41979.0,1.431211,100.0,0.0,4.0,2.862405,100.0,0.0,0.28028800000000004,3.586396,DoS
tcp,145743.0,1.757821,100.0,0.0,3.0,1.014879,100.0,0.0,0.178642,4.059514,DoS
udp,62318.0,1.924601,100.0,0.0,4.0,3.847725,100.0,0.0,0.6090869999999999,4.911215,DoS
udp,154925.0,1.742315,100.0,0.0,4.0,3.0176130000000003,100.0,0.0,0.236788,4.044355,DoS
udp,138496.0,0.096879,100.0,4.4610059999999985,4.0,4.580235,100.0,0.0,0.394235,4.730967,DoS
tcp,49078.0,0.007601,100.0,0.0,3.0,0.0038,100.0,0.0,0.164859,0.019002,DoS
udp,41133.0,0.610603,72.0,3.363173,4.0,4.575099,72.0,0.0,0.459353,4.993681,DoS
tcp,152299.0,2.202823,100.0,0.0,3.0,1.557631,100.0,0.0,0.12825899999999998,4.672894,DoS
tcp,105737.0,0.024662,49.0,0.0,1.0,0.019452,49.0,0.055662,0.162115,0.05871000000000001,DoS
udp,212690.0,1.7802669999999998,57.0,0.0,4.0,2.180343,57.0,0.0,0.265499,3.648778,DoS
tcp,71819.0,0.0,70.0,0.0,3.0,0.0,70.0,0.0,0.093853,0.0,DoS
tcp,1216.0,0.0,100.0,0.0,3.0,0.0,100.0,0.0,0.13087100000000002,0.0,DoS
tcp,100313.0,1.773582,100.0,0.0,3.0,1.023978,100.0,0.0,0.179322,4.095911,DoS
udp,132675.0,0.963802,100.0,0.0,4.0,2.154714,100.0,0.0,0.367308,2.6083380000000003,DoS
tcp,177941.0,0.104579,100.0,0.0,3.0,0.05229,100.0,0.0,0.130021,0.261448,DoS
tcp,257372.0,0.0,100.0,0.227984,1.0,0.227984,100.0,0.0,4.386273,0.227984,DoS
tcp,205634.0,0.0,100.0,0.0,3.0,0.0,100.0,0.0,0.121518,0.0,DoS
udp,115322.0,0.025658,53.0,4.7851089999999985,4.0,4.8118120000000015,53.0,0.0,0.6256390000000001,4.852586,DoS
udp,251404.0,1.6637529999999998,100.0,0.0,4.0,2.032539,100.0,0.0,0.257866,3.602903,DoS
tcp,66574.0,0.017805,100.0,0.0,1.0,0.01028,100.0,0.0,0.053122,0.041119,DoS
tcp,139997.0,0.010597,100.0,0.0,3.0,0.005299,100.0,0.0,0.132693,0.026493,DoS
tcp,179183.0,0.0,100.0,0.0,3.0,0.0,100.0,0.0,0.162375,0.0,DoS
tcp,74216.0,0.0,31.0,0.0,3.0,0.0,31.0,0.0,0.12529500000000002,0.0,DoS
udp,118277.0,1.780814,100.0,0.0,4.0,3.084114,100.0,0.0,0.230661,4.147027,DoS
tcp,258204.0,0.0,78.0,0.0,3.0,0.0,78.0,0.0,0.162752,0.0,DoS
udp,78637.0,2.053585,35.0,0.0,4.0,1.67515,35.0,0.0,0.190333,4.3294690000000005,DoS
tcp,26640.0,0.0,90.0,0.0,3.0,0.0,90.0,0.0,0.068576,0.0,DoS
udp,111843.0,1.817693,100.0,0.0,4.0,2.22372,100.0,0.0,0.212358,3.862785,DoS
tcp,250959.0,0.0,100.0,0.140127,1.0,0.140127,100.0,0.0,7.136383,0.140127,DoS
udp,187670.0,0.5544600000000001,97.0,3.288985,4.0,3.679471,97.0,0.0,0.283799,4.63198,DoS
tcp,231488.0,0.0,95.0,0.0,3.0,0.0,95.0,0.0,0.121041,0.0,DoS
udp,164199.0,1.756472,25.0,0.0,4.0,3.066506,25.0,0.0,0.46201,4.926288,DoS
tcp,46550.0,0.0,98.0,0.0,3.0,0.0,98.0,0.0,0.050663,0.0,DoS
tcp,18135.0,0.0,93.0,0.0,3.0,0.0,93.0,0.0,0.096128,0.0,DoS
tcp,55080.0,0.0,100.0,0.0,3.0,0.0,100.0,0.0,0.069989,0.0,DoS
tcp,126828.0,2.046942,53.0,0.0,3.0,1.181802,53.0,0.0,0.116477,4.727208999999998,DoS
udp,71751.0,0.504134,100.0,2.510765,4.0,3.3803400000000003,100.0,0.0,0.286947,3.742156,DoS
tcp,182561.0,0.0,55.0,0.0,3.0,0.0,55.0,0.0,0.160576,0.0,DoS
tcp,185784.0,0.0,87.0,0.0,3.0,0.0,87.0,0.0,0.116106,0.0,DoS
udp,217687.0,1.582699,66.0,0.0,4.0,2.738279,66.0,0.0,0.25663600000000003,3.771903,DoS
tcp,154206.0,1.7428580000000002,100.0,0.0,3.0,1.00624,100.0,0.0,0.178678,4.024958,DoS
udp,105836.0,0.037356,100.0,4.7763860000000005,4.0,4.811419,100.0,0.0,0.624799,4.872796,DoS
udp,257530.0,0.018236,100.0,4.0629230000000005,4.0,4.088288,100.0,0.0,0.243523,4.10524,DoS
tcp,43984.0,0.053091999999999986,99.0,0.040577,1.0,0.093669,99.0,0.043471,0.130413,0.146761,DoS
tcp,183059.0,0.0,20.0,0.0,3.0,0.0,20.0,0.0,0.16031900000000002,0.0,DoS
udp,137656.0,1.788052,66.0,0.0,4.0,3.576029,66.0,0.0,0.446576,4.482954,DoS
tcp,57344.0,0.0,61.0,0.0,3.0,0.0,61.0,0.0,0.070117,0.0,DoS
tcp,261197.0,0.0,100.0,0.163853,1.0,0.163853,100.0,0.0,6.103031,0.163853,DoS
tcp,130488.0,1.879182,100.0,0.0,3.0,0.939591,100.0,0.0,0.115869,4.697954,DoS
udp,240024.0,2.11461,67.0,0.0,4.0,2.113739,67.0,0.0,0.227147,4.313295,DoS
tcp,34582.0,0.011076,100.0,0.115796,1.0,0.131459,100.0,0.040293,0.100733,0.13942000000000002,DoS
udp,75795.0,0.131727,49.0,3.258543,4.0,3.377857,49.0,0.0,0.282586,3.588513,DoS
udp,104819.0,1.81815,100.0,0.0,4.0,2.22474,100.0,0.0,0.213323,3.848833,DoS
udp,82899.0,0.027928,100.0,4.081936,4.0,4.116403,100.0,0.0,0.243003,4.15028,DoS
tcp,57901.0,2.151621,40.0,0.0,3.0,1.242239,40.0,0.0,0.129047,4.968955,DoS
udp,6696.0,0.879491,100.0,2.026073,4.0,3.435349,100.0,0.0,0.218047,4.450278,DoS
udp,119713.0,0.07144500000000001,100.0,3.265826,4.0,3.3411690000000003,100.0,0.0,0.284132,3.454008,DoS
udp,224111.0,0.531039,100.0,2.541477,4.0,2.848183,100.0,0.0,0.406284,3.909258,DoS
udp,79264.0,1.794814,89.0,0.0,4.0,3.589595,89.0,0.0,0.446804,4.494593,DoS
udp,27422.0,1.240991,100.0,0.0,4.0,1.753499,100.0,0.0,0.307555,2.726244,DoS
tcp,16263.0,0.0,100.0,0.0,3.0,0.0,100.0,0.0,0.096341,0.0,DoS
udp,223457.0,2.109696,100.0,0.0,4.0,2.108722,100.0,0.0,0.220356,4.308117,DoS
udp,111608.0,1.565721,37.0,0.0,4.0,2.550001,37.0,0.0,0.346867,4.945945,DoS
udp,178239.0,0.246103,85.0,4.0593330000000005,4.0,4.452774,85.0,0.0,0.405662,4.7270629999999985,DoS
udp,125606.0,1.814446,100.0,0.0,4.0,2.220351,100.0,0.0,0.210762,3.836848,DoS
udp,153598.0,0.921864,100.0,2.558974,4.0,3.079505,100.0,0.0,0.354451,4.921026,DoS
tcp,127893.0,1.7779459999999998,100.0,0.0,3.0,1.026497,100.0,0.0,0.178539,4.10599,DoS
udp,132345.0,1.702561,79.0,0.0,4.0,2.080014,79.0,0.0,0.221142,3.681878,DoS
tcp,219228.0,0.022155,100.0,0.138138,1.0,0.16029300000000002,100.0,0.036335,0.109006,0.182448,DoS
tcp,23170.0,0.0,100.0,0.0,3.0,0.0,100.0,0.0,0.068415,0.0,DoS
tcp,44768.0,0.049079000000000005,100.0,0.0,1.0,0.028336,100.0,0.0,0.050644,0.113344,DoS
tcp,30392.0,0.0,70.0,0.0,3.0,0.0,70.0,0.0,0.094371,0.0,DoS
udp,259604.0,0.020644,100.0,4.125787,4.0,4.146431,100.0,0.0,0.24017800000000006,4.167075,DoS
udp,179586.0,0.029162,100.0,3.985551,4.0,4.026726,100.0,0.0,0.247999,4.049568,DoS
udp,109758.0,1.795034,100.0,0.0,4.0,3.590033,100.0,0.0,0.446557,4.498605,DoS
tcp,14007.0,0.059605,21.0,0.0,1.0,0.034413,21.0,0.0,0.050982,0.137653,DoS
tcp,150936.0,0.1562,100.0,0.0,3.0,0.0781,100.0,0.0,0.135972,0.390499,DoS
tcp,157501.0,0.0,100.0,0.0,3.0,0.0,100.0,0.0,0.122,0.0,DoS
tcp,10133.0,1.978312,100.0,0.0,1.0,1.158811,100.0,0.0,0.135793,4.585166,DoS
tcp,108523.0,2.049645,100.0,0.0,3.0,1.183363,100.0,0.0,0.118574,4.733453,DoS
udp,171171.0,0.209719,89.0,4.152751,4.0,4.476825,89.0,0.0,0.403489,4.728496,DoS
tcp,15775.0,1.994817,75.0,0.0,1.0,1.167894,75.0,0.0,0.135857,4.622846,DoS
udp,10339.0,0.455914,100.0,1.364169,4.0,2.383181,100.0,0.0,0.404699,2.601994,DoS
udp,46071.0,0.718383,100.0,2.124729,4.0,3.346191,100.0,0.0,0.217639,3.976934,DoS
tcp,238085.0,0.0,100.0,0.14654,1.0,0.14654,100.0,0.0,6.824075,0.14654,DoS
udp,186901.0,1.7535580000000002,60.0,0.0,4.0,3.059547,60.0,0.0,0.471542,4.921832,DoS
udp,196460.0,0.5438350000000001,100.0,3.2804050000000005,4.0,3.72002,100.0,0.0,0.278187,4.6320760000000005,DoS
udp,61639.0,1.795168,100.0,0.0,4.0,3.590299,100.0,0.0,0.4467890000000001,4.495971,DoS
udp,102282.0,1.819115,65.0,0.0,4.0,2.225593,65.0,0.0,0.213712,3.861879,DoS
udp,175276.0,0.021304,100.0,3.998021,4.0,4.028117,100.0,0.0,0.248008,4.043874,DoS
udp,207336.0,0.439263,100.0,3.596743,4.0,4.33933,100.0,0.0,0.4155680000000001,4.730601,DoS
udp,230090.0,1.57133,100.0,0.0,4.0,2.721553,100.0,0.0,0.290851,3.640902,DoS
tcp,111815.0,0.036782,92.0,0.0,1.0,0.027044,92.0,0.049358,0.155146,0.0929,DoS
udp,7860.0,1.646857,68.0,0.0,4.0,3.4262,68.0,0.0,0.457409,4.912415,DoS
udp,135258.0,2.029237,100.0,0.0,4.0,1.65629,100.0,0.0,0.189164,4.2252410000000005,DoS
udp,252916.0,0.239754,50.0,4.1157629999999985,4.0,4.323114,50.0,0.0,0.233839,4.659111,DoS
udp,152192.0,0.125415,96.0,4.398486,4.0,4.533492,96.0,0.0,0.397947,4.72844,DoS
tcp,167622.0,2.13404,55.0,0.0,1.0,3.013208,55.0,0.0,0.170159,4.666847,DoS
tcp,85707.0,0.069587,34.0,0.0,1.0,0.049206,34.0,0.0,0.054699,0.147617,DoS
udp,160019.0,1.790072,100.0,0.0,4.0,3.5799760000000003,100.0,0.0,0.446571,4.489648000000001,DoS
udp,199645.0,2.041947,100.0,0.0,4.0,2.041814,100.0,0.0,0.178671,4.116619,DoS
udp,13159.0,1.781897,100.0,0.0,4.0,2.182358,100.0,0.0,0.250125,3.644766,DoS
udp,210370.0,0.018483000000000003,53.0,3.998505,4.0,4.02379,53.0,0.0,0.247806,4.042172,DoS
udp,155234.0,0.560569,100.0,3.292489,4.0,3.688256,100.0,0.0,0.323843,4.647056,DoS
udp,33000.0,1.576861,99.0,0.0,4.0,2.728504,99.0,0.0,0.230461,3.75142,DoS
udp,46581.0,1.570661,100.0,0.0,4.0,2.7188830000000004,100.0,0.0,0.231625,3.711732,DoS
udp,117352.0,0.131889,77.0,4.4543620000000015,4.0,4.628234,77.0,0.0,0.389687,4.785059,DoS
udp,151826.0,1.7671740000000002,87.0,0.0,4.0,3.099726,87.0,0.0,0.46146,4.912046,DoS
udp,3610.0,1.10691,100.0,1.600033,4.0,3.68415,100.0,0.0,0.464929,4.9210150000000015,DoS
udp,256827.0,0.12900599999999998,100.0,4.0892019999999984,4.0,4.225445,100.0,0.0,0.23678,4.398668,DoS
udp,127534.0,2.026395,79.0,0.0,4.0,1.6537959999999998,79.0,0.0,0.189407,4.230843,DoS
udp,30905.0,1.241056,87.0,0.0,4.0,1.753493,87.0,0.0,0.307673,2.731239,DoS
udp,4480.0,1.244291,100.0,0.0,4.0,1.758415,100.0,0.0,0.306444,2.713705,DoS
tcp,92919.0,2.034204,68.0,0.0,3.0,1.174448,68.0,0.0,0.121602,4.697793,DoS
tcp,47750.0,0.0,100.0,0.0,3.0,0.0,100.0,0.0,0.10393800000000003,0.0,DoS
udp,178764.0,0.040463,100.0,3.62479,4.0,3.66355,100.0,0.0,0.287335,3.731247,DoS
udp,230716.0,2.086907,100.0,0.0,4.0,2.085344,100.0,0.0,0.187582,4.284882,DoS
tcp,78092.0,0.0,100.0,0.0,3.0,0.0,100.0,0.0,0.053055,0.0,DoS
tcp,108685.0,0.045511,46.0,0.055707000000000007,1.0,0.101217,46.0,0.037919,0.113757,0.146728,DoS
udp,27116.0,1.232102,77.0,1.7185860000000002,4.0,4.182708,77.0,0.0,0.587154,4.811969,DoS
udp,37372.0,1.7197,100.0,0.0,4.0,3.491628,100.0,0.0,0.459117,4.86895,DoS
udp,104840.0,0.034188,100.0,4.7815400000000015,4.0,4.812975,100.0,0.0,0.624865,4.869826,DoS
udp,243641.0,1.6981700000000002,100.0,0.0,4.0,2.067917,100.0,0.0,0.251198,3.777549,DoS
udp,246302.0,1.7071740000000002,56.0,0.0,4.0,2.812248,56.0,0.0,0.27929,4.61071,DoS
udp,66048.0,0.440458,100.0,1.403208,4.0,2.387838,100.0,0.0,0.404275,2.600712,DoS
udp,230131.0,1.740114,94.0,0.0,4.0,2.111009,94.0,0.0,0.241592,3.954296,DoS
udp,52865.0,0.142019,96.0,3.253448,4.0,3.382143,96.0,0.0,0.282348,3.613061,DoS
tcp,117262.0,0.0,100.0,0.0,3.0,0.0,100.0,0.0,0.116889,0.0,DoS
tcp,22703.0,0.0,90.0,0.0,3.0,0.0,90.0,0.0,0.095438,0.0,DoS
udp,233207.0,0.5310020000000001,100.0,2.543892,4.0,2.848279,100.0,0.0,0.406316,3.90944,DoS
udp,117470.0,0.13353099999999998,100.0,4.448914,4.0,4.624172,100.0,0.0,0.389688,4.785012999999998,DoS
tcp,68133.0,0.014059,62.0,0.147965,1.0,0.15900599999999998,62.0,0.040291,0.100727,0.178846,DoS
tcp,110795.0,0.024976,100.0,0.0,1.0,0.012488,100.0,0.0,0.156676,0.062439,DoS
udp,634.0,1.919155,100.0,0.0,4.0,3.487711,100.0,0.0,0.5414939999999999,4.8319,DoS
udp,242794.0,1.685707,45.0,0.0,4.0,2.873152,45.0,0.0,0.26781900000000003,4.319649,DoS
tcp,76382.0,0.0,57.0,0.0,3.0,0.0,57.0,0.0,0.125373,0.0,DoS
tcp,17216.0,0.023299,100.0,0.0,1.0,0.013452,100.0,0.0,0.053391,0.053807000000000015,DoS
tcp,85245.0,0.009914,97.0,0.0,1.0,0.008042,97.0,0.055888,0.164109,0.021891,DoS
udp,229951.0,2.085348,86.0,0.0,4.0,2.0838650000000003,86.0,0.0,0.187303,4.278956,DoS
udp,236343.0,0.024449,28.0,3.98896,4.0,4.023411,28.0,0.0,0.247884,4.042543,DoS
udp,251308.0,0.023881,100.0,4.066399,4.0,4.096655,100.0,0.0,0.243468,4.124778,DoS
udp,113364.0,1.722718,71.0,0.0,4.0,2.101831,71.0,0.0,0.221376,3.775673,DoS
udp,39555.0,1.91613,100.0,0.0,4.0,2.708726,100.0,0.0,0.156381,4.129688,DoS
udp,145875.0,2.10746,83.0,0.0,4.0,2.106058,83.0,0.0,0.205443,4.320801,DoS
udp,224621.0,1.7757919999999998,100.0,0.0,4.0,3.075558,100.0,0.0,0.230879,4.126257,DoS
udp,17659.0,2.0514330000000003,60.0,0.0,4.0,1.673702,60.0,0.0,0.19088,4.31136,DoS
udp,135157.0,1.782674,62.0,0.0,4.0,3.087323,62.0,0.0,0.230716,4.152381,DoS
udp,105853.0,1.815442,83.0,0.0,4.0,3.208709,83.0,0.0,0.46142,4.936651,DoS
udp,163280.0,0.877707,61.0,2.559568,4.0,3.05016,61.0,0.0,0.35675,4.803024,DoS
tcp,112840.0,0.0,100.0,0.0,3.0,0.0,100.0,0.0,0.127242,0.0,DoS
udp,86474.0,1.810364,100.0,0.0,4.0,2.215855,100.0,0.0,0.215352,3.809187,DoS
udp,144100.0,0.963486,62.0,0.0,4.0,2.154202,62.0,0.0,0.367314,2.598939,DoS
udp,255937.0,0.147426,100.0,4.109973,4.0,4.251759,100.0,0.0,0.23615100000000006,4.455046,DoS
udp,119388.0,1.790358,100.0,0.0,4.0,3.580663,100.0,0.0,0.446604,4.488787,DoS
udp,25972.0,1.685358,84.0,0.0,4.0,3.466442,84.0,0.0,0.4585,4.883497,DoS
udp,36345.0,0.025429,100.0,4.094443,4.0,4.130147,100.0,0.0,0.2428,4.151982,DoS
tcp,25719.0,0.020943,100.0,0.0,1.0,0.020694,100.0,0.017762,0.053294000000000015,0.045944,DoS
tcp,78228.0,2.012295,100.0,0.0,1.0,1.187482,100.0,0.0,0.123971,4.6724489999999985,DoS
tcp,73926.0,0.015438999999999996,54.0,0.136512,1.0,0.157816,54.0,0.040253,0.100633,0.172611,DoS
tcp,78451.0,0.0,43.0,0.0,3.0,0.0,43.0,0.0,0.071345,0.0,DoS
udp,35926.0,1.241677,100.0,0.0,4.0,1.7542810000000002,100.0,0.0,0.308008,2.735836,DoS
udp,65264.0,0.026099,100.0,4.088445,4.0,4.1230129999999985,100.0,0.0,0.242865,4.151591000000002,DoS
tcp,246415.0,0.0,100.0,0.194149,1.0,0.194149,100.0,0.0,5.150683,0.194149,DoS
tcp,121940.0,0.069064,100.0,0.0,1.0,0.034532,100.0,0.0,0.147446,0.17265899999999998,DoS
udp,225538.0,1.748205,100.0,0.0,4.0,2.119061,100.0,0.0,0.239423,3.988339,DoS
udp,149060.0,1.776604,93.0,0.0,4.0,2.153457,93.0,0.0,0.22105300000000006,4.053238,DoS
tcp,231919.0,0.0,100.0,0.180399,1.0,0.180399,100.0,0.0,5.543268,0.180399,DoS
tcp,8717.0,0.0,100.0,0.0,3.0,0.0,100.0,0.0,0.13022899999999998,0.0,DoS
udp,3548.0,1.917995,39.0,0.0,4.0,3.487625,39.0,0.0,0.538556,4.825046,DoS
udp,53254.0,1.745959,12.0,0.0,4.0,3.023707,12.0,0.0,0.247603,4.0577489999999985,DoS
tcp,248061.0,0.0,100.0,0.187165,1.0,0.187165,100.0,0.0,5.342879,0.187165,DoS
tcp,176214.0,0.016756999999999998,18.0,0.0,1.0,0.014772,18.0,0.042418,0.127135,0.040731,DoS
udp,231540.0,2.090363,100.0,0.0,4.0,2.088626,100.0,0.0,0.187823,4.297728,DoS
udp,112969.0,1.79467,58.0,0.0,4.0,3.5893010000000003,58.0,0.0,0.4467,4.497995,DoS
tcp,259720.0,0.0,62.0,0.0,3.0,0.0,62.0,0.0,0.164772,0.0,DoS
tcp,6302.0,0.0,100.0,0.0,3.0,0.0,100.0,0.0,0.130448,0.0,DoS
tcp,204012.0,2.13309,80.0,0.0,1.0,1.533304,80.0,0.0,0.127128,4.54981,DoS
tcp,56939.0,0.0,77.0,0.0,3.0,0.0,77.0,0.0,0.054214,0.0,DoS
tcp,237729.0,0.0,100.0,0.15701800000000002,1.0,0.15701800000000002,100.0,0.0,6.368696,0.15701800000000002,DoS
tcp,189278.0,0.0,97.0,0.0,3.0,0.0,97.0,0.0,0.12784700000000002,0.0,DoS
udp,228962.0,2.085123,54.0,0.0,4.0,2.08379,54.0,0.0,0.186836,4.272993,DoS
tcp,8998.0,0.000781,72.0,0.154451,1.0,0.15523199999999998,72.0,0.034568,0.103704,0.156013,DoS
tcp,12016.0,0.0,100.0,0.0,3.0,0.0,100.0,0.0,0.097025,0.0,DoS
udp,93784.0,1.782968,60.0,0.0,4.0,3.282602,60.0,0.0,0.390216,4.699703,DoS
tcp,89071.0,0.0,94.0,0.0,3.0,0.0,94.0,0.0,0.09011,0.0,DoS
udp,52409.0,0.376565,100.0,2.939375,4.0,3.547211,100.0,0.0,0.217389,3.972737,DoS
udp,69687.0,0.009295,100.0,3.567052,4.0,3.5733620000000004,100.0,0.0,0.27973600000000004,3.589445,DoS
udp,70173.0,0.026899,100.0,4.091939,4.0,4.125394,100.0,0.0,0.242887,4.157739,DoS
udp,65995.0,1.7836900000000002,100.0,0.0,4.0,3.306617,100.0,0.0,0.385835,4.707862,DoS
udp,148424.0,1.74132,37.0,0.0,4.0,3.015865,37.0,0.0,0.243696,4.04241,DoS
udp,1585.0,1.782564,41.0,0.0,4.0,2.183135,41.0,0.0,0.250048,3.660879,DoS
tcp,67714.0,0.0,41.0,0.0,3.0,0.0,41.0,0.0,0.128,0.0,DoS
tcp,32479.0,0.0,93.0,0.0,3.0,0.0,93.0,0.0,0.050835000000000005,0.0,DoS
udp,36464.0,1.241996,89.0,0.0,4.0,1.754786,89.0,0.0,0.30805,2.73591,DoS
udp,170310.0,1.778147,100.0,0.0,4.0,3.0796360000000003,100.0,0.0,0.230911,4.133913,DoS
udp,87194.0,1.572239,78.0,0.0,4.0,2.723176,78.0,0.0,0.246242,3.638744,DoS
udp,124250.0,0.114459,100.0,4.448967,4.0,4.6068370000000005,100.0,0.0,0.391186,4.71955,DoS
tcp,116583.0,0.0,100.0,0.0,3.0,0.0,100.0,0.0,0.116807,0.0,DoS
udp,179158.0,1.901993,100.0,0.0,4.0,3.23962,100.0,0.0,0.188324,4.883202,DoS
udp,157615.0,1.788955,98.0,0.0,4.0,3.577755,98.0,0.0,0.4465810000000001,4.486859,DoS
tcp,36953.0,0.0,97.0,0.0,3.0,0.0,97.0,0.0,0.093651,0.0,DoS
udp,258387.0,0.08576900000000001,100.0,4.132186,4.0,4.217943,100.0,0.0,0.237581,4.303701,DoS
udp,214653.0,0.6910970000000001,23.0,3.288492,4.0,3.999243,23.0,0.0,0.266474,4.752159,DoS
tcp,111424.0,0.0,100.0,0.0,3.0,0.0,100.0,0.0,0.127146,0.0,DoS
udp,10020.0,1.643131,100.0,0.0,4.0,2.009366,100.0,0.0,0.220656,3.513906,DoS
udp,32827.0,1.709232,28.0,0.0,4.0,3.4849650000000003,28.0,0.0,0.458858,4.868792,DoS
tcp,15098.0,2.03019,100.0,0.0,3.0,1.172131,100.0,0.0,0.13584300000000002,4.688523,DoS
udp,80770.0,1.7827959999999998,94.0,0.0,4.0,3.294422,94.0,0.0,0.38809,4.702758,DoS
tcp,216418.0,0.0027600000000000003,100.0,0.142648,1.0,0.14540799999999998,100.0,0.035999,0.107998,0.148169,DoS
udp,95458.0,1.549919,68.0,0.0,4.0,2.684447,68.0,0.0,0.235894,3.597028,DoS
tcp,99285.0,0.059712,68.0,0.052382000000000005,1.0,0.112093,68.0,0.038497,0.11549,0.171805,DoS
udp,195799.0,2.0749470000000003,100.0,0.0,4.0,2.073678,100.0,0.0,0.178716,4.249994,DoS
udp,114450.0,0.963956,98.0,0.0,4.0,2.155114,98.0,0.0,0.367311,2.6046400000000003,DoS
tcp,211256.0,2.142823,100.0,0.0,3.0,1.515204,100.0,0.0,0.127439,4.545613,DoS
udp,141282.0,0.099587,91.0,4.460333,4.0,4.570204,91.0,0.0,0.395039,4.731162,DoS
udp,123214.0,1.55161,38.0,0.0,4.0,2.687427,38.0,0.0,0.239212,3.590914,DoS
tcp,262140.0,0.0,89.0,0.14862,1.0,0.14862,89.0,0.0,6.72857,0.14862,DoS
tcp,94092.0,2.070601,80.0,0.0,3.0,1.195462,80.0,0.0,0.12143,4.781847,DoS
tcp,83654.0,0.0,68.0,0.0,3.0,0.0,68.0,0.0,0.108828,0.0,DoS
udp,242322.0,0.034533999999999995,78.0,3.497072,4.0,3.548782,78.0,0.0,0.280423,3.589866,DoS
udp,205962.0,1.76928,100.0,0.0,4.0,2.141059,100.0,0.0,0.232527,4.065971,DoS
tcp,30158.0,0.037195,78.0,0.0,1.0,0.024004,78.0,0.049383,0.127485,0.096036,DoS
udp,50059.0,0.4878810000000001,100.0,2.668631,4.0,3.480344,100.0,0.0,0.217509,3.972328,DoS
udp,197964.0,1.753724,76.0,0.0,4.0,3.061221,76.0,0.0,0.47833,4.922537,DoS
tcp,204308.0,0.01672,17.0,0.0,1.0,0.014303,17.0,0.045374,0.135972,0.040853,DoS
udp,136483.0,2.108934,91.0,0.0,4.0,2.1074200000000003,91.0,0.0,0.204168,4.3278349999999985,DoS
tcp,20286.0,0.037449,100.0,0.0,3.0,0.018724,100.0,0.0,0.12780899999999998,0.093622,DoS
udp,36449.0,1.907673,41.0,0.0,4.0,3.815271,41.0,0.0,0.6266470000000001,4.7911769999999985,DoS
tcp,9154.0,0.0,100.0,0.0,3.0,0.0,100.0,0.0,0.123514,0.0,DoS
udp,194782.0,0.342052,74.0,3.825317,4.0,4.3937610000000005,74.0,0.0,0.411081,4.72863,DoS
udp,202285.0,0.023395,100.0,2.543088,4.0,2.581202,100.0,0.0,0.386586,2.6096,DoS
tcp,124471.0,2.036879,44.0,0.0,3.0,1.175992,44.0,0.0,0.116687,4.70397,DoS
udp,24395.0,2.053259,20.0,0.0,4.0,1.67511,20.0,0.0,0.190779,4.318955,DoS
udp,223550.0,2.073461,78.0,0.0,4.0,2.072582,78.0,0.0,0.184929,4.230537,DoS
udp,130320.0,1.568907,80.0,0.0,4.0,2.717409,80.0,0.0,0.2468,3.632136,DoS
tcp,116689.0,0.017456,100.0,0.0,1.0,0.008728,100.0,0.0,0.15146500000000002,0.043641,DoS
udp,149873.0,1.741725,100.0,0.0,4.0,3.016537,100.0,0.0,0.241837,4.048377,DoS
tcp,180993.0,2.142655,74.0,0.0,1.0,3.02992,74.0,0.0,0.16986800000000002,4.578735,DoS
udp,229423.0,2.10968,77.0,0.0,4.0,2.108742,77.0,0.0,0.223136,4.3064339999999985,DoS
udp,39562.0,0.150636,100.0,3.252612,4.0,3.393688,100.0,0.0,0.281798,3.638799,DoS
udp,259257.0,1.456598,100.0,0.0,4.0,2.517069,100.0,0.0,0.25997,3.5175080000000003,DoS
udp,77846.0,0.534112,100.0,3.623205000000001,4.0,3.998566,100.0,0.0,0.215903,4.915498,DoS
udp,103648.0,1.745541,100.0,0.0,4.0,3.022754,100.0,0.0,0.247731,4.080436,DoS
tcp,56729.0,2.133984,32.0,0.0,3.0,1.232056,32.0,0.0,0.129723,4.928225,DoS
udp,89163.0,0.01404,100.0,3.5528470000000003,4.0,3.57187,100.0,0.0,0.279714,3.59172,DoS
tcp,97920.0,0.0,98.0,0.0,3.0,0.0,98.0,0.0,0.126278,0.0,DoS
udp,229139.0,1.571462,100.0,0.0,4.0,2.72178,100.0,0.0,0.29083600000000004,3.642209,DoS
tcp,22429.0,0.029008,98.0,0.0,3.0,0.014504,98.0,0.0,0.127775,0.07252,DoS
udp,194485.0,0.026159,83.0,3.987459,4.0,4.0244300000000015,83.0,0.0,0.24796,4.044421,DoS
udp,226422.0,0.651742,100.0,3.093126,4.0,4.209352,100.0,0.0,0.4254,4.732666,DoS
udp,196268.0,0.318782,100.0,3.626685,4.0,3.823353,100.0,0.0,0.279861,4.375326,DoS
udp,146977.0,0.023464,42.0,3.533382,4.0,3.564207,42.0,0.0,0.280083,3.597522,DoS
udp,137811.0,0.096878,47.0,4.460897,4.0,4.579004,47.0,0.0,0.394215,4.730581,DoS
tcp,81486.0,0.055484000000000006,43.0,0.0573,1.0,0.112784,43.0,0.040202,0.119795,0.168269,DoS
tcp,145657.0,0.119071,100.0,0.0,1.0,0.0673,100.0,0.043061,0.137285,0.304117,DoS
udp,256087.0,0.026482,100.0,4.060646,4.0,4.094816000000002,100.0,0.0,0.24351,4.125102,DoS
udp,205215.0,0.5333220000000001,100.0,2.542,4.0,2.847123,100.0,0.0,0.406354,3.912697,DoS
udp,6066.0,1.432464,26.0,0.0,4.0,2.86482,26.0,0.0,0.280478,3.601052,DoS
udp,12642.0,0.0,20.0,0.04829,2.0,0.04829,3.0,0.0,0.0,0.04829,Normal
tcp,7.0,0.034867,2.0,4.851122,2.0,4.88162,7.0,0.0,6.976675,4.999943,Normal
ipv6-icmp,1294.0,0.0,1.0,0.0,8.0,0.0,3.0,0.0,0.0,0.0,Normal
udp,14587.0,0.0,12.0,0.0,4.0,0.0,24.0,0.0,0.0,0.0,Normal
udp,4283.0,0.0,11.0,0.0,4.0,0.0,20.0,0.0,0.399825,0.0,Normal
tcp,4076.0,3.5e-05,5.0,1.6e-05,2.0,4.6e-05,3.0,0.002751,0.002751,0.00011,Normal
udp,3808.0,0.0,74.0,0.293476,2.0,0.293476,2.0,0.0,0.0,0.293476,Normal
udp,22462.0,0.0,18.0,0.008054,2.0,0.008054,19.0,0.0,0.0,0.008054,Normal
udp,5.0,0.096352,5.0,3.5047330000000003,4.0,4.906859,5.0,0.0,10.016953,4.978014,Normal
udp,14624.0,0.0,12.0,0.0,4.0,0.0,24.0,0.0,0.0,0.0,Normal
udp,3678.0,0.0,29.0,0.165992,2.0,0.165992,2.0,0.0,0.0,0.165992,Normal
udp,5440.0,0.0,23.0,0.13833800000000002,2.0,0.13833800000000002,2.0,0.0,0.0,0.13833800000000002,Normal
tcp,14456.0,0.0,18.0,1.7664259999999998,6.0,1.7664259999999998,1.0,6.793378,6.793378,1.7664259999999998,Normal
udp,3654.0,0.0,29.0,0.015302,2.0,0.015302,2.0,0.0,0.0,0.015302,Normal
arp,4300.0,0.0,10.0,0.00015800000000000002,2.0,0.00015800000000000002,12.0,0.0,0.0,0.00015800000000000002,Normal
udp,4210.0,0.0,14.0,0.0,4.0,0.0,21.0,0.0,0.0,0.0,Normal
tcp,16900.0,0.450007,7.0,0.2888,1.0,0.607061,2.0,0.213635,0.271899,1.243466,Normal
udp,4230.0,0.0,14.0,0.0,4.0,0.0,21.0,0.0,0.0,0.0,Normal
udp,11.0,0.0,26.0,0.048565,2.0,0.048565,1.0,0.0,0.0,0.048565,Normal
udp,14452.0,0.017699,18.0,0.144709,2.0,0.162408,19.0,28.253374,250000.0,0.180107,Normal
udp,3807.0,0.0,74.0,0.16785899999999998,2.0,0.16785899999999998,1.0,0.0,0.0,0.16785899999999998,Normal
ipv6-icmp,8513.0,0.0,1.0,0.0,8.0,0.0,3.0,0.0,0.0,0.0,Normal
udp,14025.0,0.0,18.0,0.007261,2.0,0.007261,19.0,0.0,0.0,0.007261,Normal
udp,4274.0,0.0,18.0,0.0,4.0,0.0,21.0,0.0,0.0,0.0,Normal
arp,4602.0,0.0,6.0,1.2e-05,2.0,1.2e-05,3.0,0.0,0.0,1.2e-05,Normal
udp,2290.0,0.0,23.0,0.015563,2.0,0.015563,2.0,0.0,0.0,0.015563,Normal
udp,4021.0,0.0,23.0,0.295126,2.0,0.295126,1.0,0.0,0.0,0.295126,Normal
tcp,16.0,1.235629,29.0,0.497578,2.0,3.716733,1.0,0.8679049999999999,0.8679049999999999,4.999979,Normal
udp,21432.0,0.0,14.0,0.0,4.0,0.0,18.0,0.0,0.399838,0.0,Normal
arp,3081.0,1.9e-05,12.0,0.000127,2.0,0.000144,7.0,0.001734,0.001734,0.00017,Normal
udp,6756.0,0.0,20.0,0.009295,2.0,0.009295,1.0,0.0,0.0,0.009295,Normal
arp,65.0,1.4e-05,3.0,7.5e-05,2.0,9.1e-05,4.0,0.001736,0.001736,0.000109,Normal
udp,13897.0,0.0,3.0,0.0,4.0,0.0,21.0,0.0,0.0,0.0,Normal
arp,4280.0,0.0,6.0,5.8e-05,2.0,5.8e-05,1.0,0.0,0.0,5.8e-05,Normal
udp,3785.0,0.0,74.0,0.345979,2.0,0.345979,4.0,0.0,0.0,0.345979,Normal
arp,13.0,2.6e-05,26.0,0.000115,2.0,0.000144,4.0,0.0015949999999999998,0.0015949999999999998,0.000179,Normal
udp,1617.0,0.0,20.0,0.0,4.0,0.0,8.0,0.0,0.0,0.0,Normal
udp,7.0,0.245391,3.0,1.348159,2.0,4.947291000000001,3.0,20.161507,20.161507,4.999958,Normal
udp,27518.0,0.0,18.0,0.0,4.0,0.0,18.0,0.0,0.39983,0.0,Normal
udp,16036.0,0.0,7.0,0.0,4.0,0.0,21.0,0.0,0.0,0.0,Normal
udp,5411.0,0.0,12.0,0.04841,2.0,0.04841,4.0,0.0,0.0,0.04841,Normal
udp,3726.0,0.0,74.0,0.28026100000000004,2.0,0.28026100000000004,1.0,0.0,0.0,0.28026100000000004,Normal
udp,3084.0,0.0,2.0,0.010024,4.0,0.010024,2.0,0.0,99.760574,0.010024,Normal
arp,17113.0,0.0,2.0,1.6e-05,2.0,1.6e-05,1.0,0.0,0.0,1.6e-05,Normal
udp,4241.0,0.0,18.0,0.0,4.0,0.0,21.0,0.0,0.0,0.0,Normal
udp,4245.0,0.0,14.0,0.0,4.0,0.0,21.0,0.0,0.0,0.0,Normal
tcp,3.0,0.026395,7.0,4.889463,2.0,4.945239,7.0,0.0,10.964783,4.997683,Normal
udp,4270.0,0.0,14.0,0.0,4.0,0.0,18.0,0.0,0.399986,0.0,Normal
arp,17793.0,0.0,3.0,2e-05,2.0,2e-05,7.0,0.0,0.0,2e-05,Normal
udp,4020.0,0.0,23.0,0.30755,2.0,0.30755,1.0,0.0,0.0,0.30755,Normal
udp,9298.0,0.0,1.0,0.0,4.0,0.0,4.0,0.0,0.0,0.0,Normal
udp,31708.0,0.0,18.0,0.0,4.0,0.0,18.0,0.0,0.399814,0.0,Normal
udp,3789.0,0.0,74.0,0.284523,2.0,0.284523,2.0,0.0,0.0,0.284523,Normal
udp,3713.0,0.0,74.0,0.288394,2.0,0.288394,2.0,0.0,0.0,0.288394,Normal
udp,1.0,0.268895,3.0,0.999546,4.0,4.93893,3.0,0.0,20.16156,4.999994999999998,Normal
udp,4.0,0.012232,2.0,4.8937800000000005,4.0,4.909315,7.0,0.0,9.96824,4.999954,Normal
udp,12647.0,0.0,11.0,0.048457,2.0,0.048457,3.0,0.0,0.0,0.048457,Normal
udp,9562.0,0.0,12.0,0.007201999999999998,2.0,0.007201999999999998,14.0,0.0,0.0,0.007201999999999998,Normal
tcp,7.0,0.009396,3.0,4.839091000000002,2.0,4.855529,7.0,0.0,5.980901,4.932051,Normal
udp,5.0,0.007543999999999999,3.0,4.950444,4.0,4.966808,3.0,0.0,19.93346,4.997833,Normal
tcp,23788.0,0.0,100.0,0.001103,1.0,0.001103,100.0,0.0,0.0,0.001103,Reconnaissance
tcp,20028.0,0.0,100.0,1.4e-05,1.0,1.4e-05,100.0,0.0,0.0,1.4e-05,Reconnaissance
tcp,20966.0,0.0,25.0,0.198007,6.0,0.198007,100.0,25.251633,30.301958000000006,0.198007,Reconnaissance
tcp,1093.0,0.011371,7.0,0.000138,6.0,0.011509,82.0,0.663977,0.8299709999999999,0.022881,Reconnaissance
tcp,16521.0,0.0,100.0,0.00153,1.0,0.00153,100.0,0.0,0.0,0.00153,Reconnaissance
tcp,19743.0,0.0,32.0,0.201093,6.0,0.201093,100.0,19.891294,24.864117,0.201093,Reconnaissance
tcp,1870.0,0.0,33.0,0.0001,1.0,0.0001,99.0,0.0,0.0,0.0001,Reconnaissance
udp,3016.0,0.0,14.0,0.00022200000000000006,4.0,0.00022200000000000006,58.0,0.0,0.0,0.00022200000000000006,Reconnaissance
tcp,9022.0,0.0,25.0,0.000184,1.0,0.000184,100.0,0.0,0.0,0.000184,Reconnaissance
tcp,17013.0,0.0,100.0,0.000121,1.0,0.000121,100.0,0.0,0.0,0.000121,Reconnaissance
udp,17989.0,0.0,14.0,0.000196,4.0,0.000196,57.0,0.0,0.0,0.000196,Reconnaissance
tcp,12951.0,0.102374,14.0,0.001106,6.0,0.103479,100.0,0.599187,0.798916,0.205853,Reconnaissance
udp,11700.0,0.0,14.0,2.8000000000000006e-05,4.0,2.8000000000000006e-05,57.0,0.0,0.0,2.8000000000000006e-05,Reconnaissance
tcp,3904.0,0.0,33.0,3e-06,1.0,3e-06,100.0,0.0,0.0,3e-06,Reconnaissance
tcp,18810.0,0.0,98.0,4.9e-05,1.0,4.9e-05,100.0,0.0,0.0,4.9e-05,Reconnaissance
tcp,7261.0,0.0,100.0,0.003271,1.0,0.003271,100.0,0.0,0.0,0.003271,Reconnaissance
tcp,16568.0,0.0,100.0,0.001517,1.0,0.001517,100.0,0.0,0.0,0.001517,Reconnaissance
tcp,11388.0,0.0,25.0,0.000108,1.0,0.000108,100.0,0.0,0.0,0.000108,Reconnaissance
udp,4603.0,0.0,8.0,0.0,4.0,0.0,76.0,0.0,0.0,0.0,Reconnaissance
icmp,10598.0,0.0,40.0,0.0,5.0,0.0,11.0,0.0,0.0,0.0,Reconnaissance
tcp,6638.0,0.0,100.0,0.000263,1.0,0.000263,100.0,0.0,0.0,0.000263,Reconnaissance
tcp,3458.0,0.0,33.0,0.0,1.0,0.0,100.0,0.0,0.0,0.0,Reconnaissance
tcp,16983.0,0.0,100.0,9.9e-05,1.0,9.9e-05,100.0,0.0,0.0,9.9e-05,Reconnaissance
tcp,21964.0,0.0,25.0,0.198686,6.0,0.198686,100.0,25.165337,30.198402,0.198686,Reconnaissance
tcp,21881.0,0.0,25.0,0.1979,6.0,0.1979,100.0,25.265285,30.318342,0.1979,Reconnaissance
udp,243.0,0.0,14.0,0.000155,4.0,0.000155,56.0,0.0,0.0,0.000155,Reconnaissance
tcp,2243.0,0.0,100.0,0.000299,1.0,0.000299,100.0,0.0,0.0,0.000299,Reconnaissance
tcp,19151.0,0.0,26.0,0.207756,1.0,0.207756,100.0,43.320049,52.946728,0.207756,Reconnaissance
icmp,14237.0,0.0,42.0,0.0,5.0,0.0,10.0,0.0,0.0,0.0,Reconnaissance
udp,11576.0,0.0,14.0,6.2e-05,4.0,6.2e-05,58.0,0.0,0.0,6.2e-05,Reconnaissance
tcp,17356.0,0.0,100.0,5.2e-05,1.0,5.2e-05,100.0,0.0,0.0,5.2e-05,Reconnaissance
tcp,27395.0,0.0,100.0,0.000168,1.0,0.000168,100.0,0.0,0.0,0.000168,Reconnaissance
udp,11118.0,0.0,14.0,5.3e-05,4.0,5.3e-05,58.0,0.0,0.0,5.3e-05,Reconnaissance
tcp,23700.0,0.0,100.0,0.001491,1.0,0.001491,100.0,0.0,0.0,0.001491,Reconnaissance
tcp,24222.0,0.0,25.0,0.19769,6.0,0.19769,100.0,25.292124,30.35055,0.19769,Reconnaissance
udp,35251.0,0.0,19.0,0.00017,4.0,0.00017,75.0,0.0,0.0,0.00017,Reconnaissance
tcp,5576.0,0.0,100.0,0.004166,1.0,0.004166,100.0,0.0,0.0,0.004166,Reconnaissance
tcp,13651.0,0.0,100.0,0.000543,1.0,0.000543,100.0,0.0,0.0,0.000543,Reconnaissance
tcp,1425.0,0.0,100.0,1.4e-05,1.0,1.4e-05,100.0,0.0,0.0,1.4e-05,Reconnaissance
tcp,12690.0,0.0,50.0,3.6e-05,1.0,3.6e-05,100.0,0.0,0.0,3.6e-05,Reconnaissance
tcp,3313.0,0.0,100.0,7.3e-05,1.0,7.3e-05,100.0,0.0,0.0,7.3e-05,Reconnaissance
tcp,4798.0,0.0,100.0,0.0008089999999999999,1.0,0.0008089999999999999,100.0,0.0,0.0,0.0008089999999999999,Reconnaissance
tcp,7842.0,0.0,100.0,0.0005200000000000001,1.0,0.0005200000000000001,100.0,0.0,0.0,0.0005200000000000001,Reconnaissance
tcp,15395.0,0.0,100.0,0.000113,1.0,0.000113,100.0,0.0,0.0,0.000113,Reconnaissance
icmp,8499.0,0.0,12.0,0.000156,9.0,0.000156,31.0,0.0,0.0,0.000156,Reconnaissance
tcp,18814.0,0.0,98.0,8.8e-05,1.0,8.8e-05,100.0,0.0,0.0,8.8e-05,Reconnaissance
tcp,15878.0,0.0,100.0,0.000151,1.0,0.000151,100.0,0.0,0.0,0.000151,Reconnaissance
tcp,9101.0,0.0,85.0,4.5e-05,1.0,4.5e-05,100.0,0.0,0.0,4.5e-05,Reconnaissance
tcp,22028.0,0.0,25.0,0.197971,6.0,0.197971,100.0,25.256224,30.307468,0.197971,Reconnaissance
tcp,6138.0,0.0,88.0,0.000734,1.0,0.000734,100.0,0.0,0.0,0.000734,Reconnaissance
tcp,24507.0,0.0,100.0,0.00107,1.0,0.00107,100.0,0.0,0.0,0.00107,Reconnaissance
tcp,15589.0,0.0,100.0,0.001467,1.0,0.001467,100.0,0.0,0.0,0.001467,Reconnaissance
tcp,5912.0,0.0,100.0,0.005267,1.0,0.005267,100.0,189.861404,189.861404,0.005267,Reconnaissance
tcp,5972.0,0.0,100.0,0.005197,1.0,0.005197,100.0,192.418701,192.418701,0.005197,Reconnaissance
tcp,22074.0,0.0,25.0,0.197728,6.0,0.197728,100.0,25.287264,30.344717,0.197728,Reconnaissance
udp,34392.0,0.0,20.0,0.000175,4.0,0.000175,80.0,0.0,0.0,0.000175,Reconnaissance
tcp,11853.0,0.0,26.0,2.4e-05,1.0,2.4e-05,100.0,0.0,0.0,2.4e-05,Reconnaissance
tcp,2105.0,0.0,100.0,0.000167,1.0,0.000167,100.0,0.0,0.0,0.000167,Reconnaissance
udp,4472.0,0.0,13.0,0.0,4.0,0.0,90.0,0.0,0.0,0.0,Reconnaissance
tcp,8031.0,0.0,100.0,0.003365,1.0,0.003365,100.0,0.0,0.0,0.003365,Reconnaissance
udp,8462.0,0.0,15.0,1.4e-05,4.0,1.4e-05,58.0,0.0,0.0,1.4e-05,Reconnaissance
icmp,13005.0,0.0,43.0,0.0,5.0,0.0,11.0,0.0,0.0,0.0,Reconnaissance
icmp,8059.0,0.0,44.0,0.0,5.0,0.0,10.0,0.0,0.0,0.0,Reconnaissance
tcp,13021.0,0.0,100.0,0.004215999999999999,1.0,0.004215999999999999,100.0,0.0,0.0,0.004215999999999999,Reconnaissance
udp,13731.0,0.0,12.0,0.0,4.0,0.0,100.0,0.0,0.0,0.0,Reconnaissance
udp,14177.0,0.0,55.0,0.000174,4.0,0.000174,84.0,0.0,0.0,0.000174,Reconnaissance
tcp,29307.0,0.0,100.0,0.003897,1.0,0.003897,100.0,0.0,0.0,0.003897,Reconnaissance
tcp,17351.0,0.0,100.0,0.001328,1.0,0.001328,100.0,0.0,0.0,0.001328,Reconnaissance
tcp,8068.0,0.0,100.0,0.003542,1.0,0.003542,100.0,0.0,0.0,0.003542,Reconnaissance
tcp,15584.0,0.0,100.0,0.0014,1.0,0.0014,100.0,0.0,0.0,0.0014,Reconnaissance
tcp,3218.0,0.0,10.0,0.000185,1.0,0.000185,100.0,0.0,5405.4052729999985,0.000185,Reconnaissance
udp,18192.0,0.0,15.0,0.000161,4.0,0.000161,59.0,0.0,0.0,0.000161,Reconnaissance
tcp,4038.0,0.0,90.0,0.00016299999999999998,1.0,0.00016299999999999998,90.0,0.0,0.0,0.00016299999999999998,Reconnaissance
tcp,14472.0,0.0,100.0,0.000258,1.0,0.000258,100.0,0.0,0.0,0.000258,Reconnaissance
icmp,2298.0,0.0,42.0,0.0,5.0,0.0,11.0,0.0,0.0,0.0,Reconnaissance
tcp,28249.0,0.0,100.0,0.001069,1.0,0.001069,100.0,0.0,0.0,0.001069,Reconnaissance
tcp,7448.0,0.0,53.0,0.006525,1.0,0.006525,100.0,0.0,0.0,0.006525,Reconnaissance
tcp,4632.0,0.0,100.0,0.004296,1.0,0.004296,100.0,0.0,0.0,0.004296,Reconnaissance
tcp,10589.0,0.0,90.0,0.000937,1.0,0.000937,99.0,0.0,0.0,0.000937,Reconnaissance
tcp,24546.0,0.0,73.0,0.000145,1.0,0.000145,100.0,0.0,0.0,0.000145,Reconnaissance
icmp,3059.0,0.0,42.0,0.0,5.0,0.0,10.0,0.0,0.0,0.0,Reconnaissance
tcp,12450.0,0.0,50.0,4.8e-05,1.0,4.8e-05,100.0,0.0,0.0,4.8e-05,Reconnaissance
tcp,7293.0,0.0,100.0,0.001106,1.0,0.001106,100.0,0.0,0.0,0.001106,Reconnaissance
tcp,30223.0,0.0,100.0,0.00429,1.0,0.00429,100.0,0.0,0.0,0.00429,Reconnaissance
tcp,2853.0,0.0,100.0,0.006,1.0,0.006,100.0,333.333344,166.666672,0.006,Reconnaissance
tcp,15475.0,0.0,100.0,0.001272,1.0,0.001272,100.0,0.0,0.0,0.001272,Reconnaissance
tcp,18097.0,0.0,74.0,3.1e-05,1.0,3.1e-05,82.0,0.0,0.0,3.1e-05,Reconnaissance
tcp,28319.0,0.0,100.0,0.004329,1.0,0.004329,100.0,0.0,0.0,0.004329,Reconnaissance
udp,35962.0,0.0,19.0,0.000206,4.0,0.000206,77.0,0.0,0.0,0.000206,Reconnaissance
tcp,23566.0,0.0,25.0,0.199093,6.0,0.199093,100.0,25.113892,30.136669,0.199093,Reconnaissance
tcp,1305.0,0.0,33.0,1.7e-05,1.0,1.7e-05,100.0,0.0,0.0,1.7e-05,Reconnaissance
tcp,12185.0,0.0,50.0,3.8e-05,1.0,3.8e-05,100.0,0.0,0.0,3.8e-05,Reconnaissance
tcp,7895.0,0.0,100.0,0.003661,1.0,0.003661,100.0,0.0,0.0,0.003661,Reconnaissance
tcp,18175.0,0.0,100.0,5.5e-05,1.0,5.5e-05,100.0,0.0,0.0,5.5e-05,Reconnaissance
tcp,8611.0,0.001549,74.0,0.001092,1.0,0.00264,100.0,378.716156,477.440918,0.004189,Reconnaissance
tcp,786.0,0.0,100.0,0.000224,1.0,0.000224,100.0,0.0,0.0,0.000224,Reconnaissance
tcp,22933.0,0.0,100.0,9.9e-05,1.0,9.9e-05,100.0,0.0,0.0,9.9e-05,Reconnaissance
tcp,19377.0,0.0,39.0,0.152596,6.0,0.152596,100.0,26.213007,32.766258,0.152596,Reconnaissance
tcp,23280.0,0.0,100.0,4.4e-05,1.0,4.4e-05,100.0,0.0,0.0,4.4e-05,Reconnaissance
tcp,16324.0,0.0,100.0,6.2e-05,1.0,6.2e-05,100.0,0.0,0.0,6.2e-05,Reconnaissance
udp,31833.0,0.0,23.0,0.0,4.0,0.0,96.0,0.0,0.0,0.0,Reconnaissance
tcp,15031.0,0.0,100.0,0.000132,1.0,0.000132,100.0,0.0,0.0,0.000132,Reconnaissance
tcp,7806.0,0.0,100.0,5e-05,1.0,5e-05,100.0,0.0,0.0,5e-05,Reconnaissance
tcp,4210.0,0.0,19.0,7.3e-05,1.0,7.3e-05,95.0,0.0,13698.629883,7.3e-05,Reconnaissance
tcp,3012.0,0.0,33.0,4.5e-05,1.0,4.5e-05,99.0,0.0,0.0,4.5e-05,Reconnaissance
udp,9012.0,0.0,14.0,3.1e-05,4.0,3.1e-05,57.0,0.0,0.0,3.1e-05,Reconnaissance
tcp,13018.0,0.101606,30.0,0.001841,6.0,0.103447,100.0,0.599351,0.998919,0.205053,Reconnaissance
tcp,26758.0,0.0,100.0,0.002288,1.0,0.002288,100.0,0.0,0.0,0.002288,Reconnaissance
tcp,23559.0,0.0,70.0,0.000283,1.0,0.000283,70.0,0.0,0.0,0.000283,Reconnaissance
tcp,9843.0,0.0,51.0,2e-05,1.0,2e-05,100.0,0.0,0.0,2e-05,Reconnaissance
tcp,26831.0,0.0,100.0,0.001323,1.0,0.001323,100.0,0.0,0.0,0.001323,Reconnaissance
tcp,2833.0,0.0,100.0,0.005438,1.0,0.005438,100.0,183.891144,183.891144,0.005438,Reconnaissance
tcp,6248.0,0.0,100.0,0.001201,1.0,0.001201,100.0,0.0,0.0,0.001201,Reconnaissance
tcp,15215.0,0.0,100.0,0.001426,1.0,0.001426,100.0,0.0,0.0,0.001426,Reconnaissance
tcp,4590.0,0.0,100.0,0.003232,1.0,0.003232,100.0,0.0,0.0,0.003232,Reconnaissance
tcp,6879.0,0.0,100.0,0.001026,1.0,0.001026,100.0,0.0,0.0,0.001026,Reconnaissance
tcp,8904.0,0.0,25.0,9.9e-05,1.0,9.9e-05,100.0,0.0,0.0,9.9e-05,Reconnaissance
tcp,16141.0,0.0,100.0,0.000144,1.0,0.000144,100.0,0.0,6944.444336,0.000144,Reconnaissance
tcp,26416.0,0.0,100.0,1.2e-05,1.0,1.2e-05,100.0,0.0,0.0,1.2e-05,Reconnaissance
tcp,5599.0,0.0,100.0,0.000288,1.0,0.000288,100.0,0.0,0.0,0.000288,Reconnaissance
tcp,3860.0,0.0,34.0,0.0,1.0,0.0,100.0,0.0,0.0,0.0,Reconnaissance
tcp,18115.0,0.0,100.0,5.8e-05,1.0,5.8e-05,100.0,0.0,0.0,5.8e-05,Reconnaissance
tcp,441.0,0.0,33.0,5.8e-05,1.0,5.8e-05,99.0,0.0,0.0,5.8e-05,Reconnaissance
udp,19275.0,0.0,15.0,0.00013000000000000002,4.0,0.00013000000000000002,58.0,0.0,0.0,0.00013000000000000002,Reconnaissance
tcp,21503.0,0.0,26.0,0.197959,6.0,0.197959,100.0,25.257755,30.309305,0.197959,Reconnaissance
tcp,8026.0,0.0,100.0,0.001892,1.0,0.001892,100.0,0.0,0.0,0.001892,Reconnaissance
tcp,22782.0,0.0,100.0,8.7e-05,1.0,8.7e-05,100.0,0.0,0.0,8.7e-05,Reconnaissance
udp,2899.0,0.0,15.0,0.000235,4.0,0.000235,58.0,0.0,0.0,0.000235,Reconnaissance
tcp,6840.0,0.0,91.0,0.0004150000000000001,1.0,0.0004150000000000001,100.0,0.0,0.0,0.0004150000000000001,Reconnaissance
udp,16859.0,0.0,14.0,0.000117,4.0,0.000117,58.0,0.0,0.0,0.000117,Reconnaissance
tcp,21630.0,0.0,25.0,0.197629,6.0,0.197629,100.0,25.299931,30.359917,0.197629,Reconnaissance
tcp,21105.0,0.0,25.0,0.198695,6.0,0.198695,100.0,25.164196,30.197035,0.198695,Reconnaissance
tcp,22188.0,0.0,25.0,0.197269,6.0,0.197269,100.0,25.346102,30.415323,0.197269,Reconnaissance
tcp,1513.0,0.0,100.0,1.4e-05,1.0,1.4e-05,100.0,0.0,0.0,1.4e-05,Reconnaissance
tcp,13405.0,0.0,100.0,0.003829,1.0,0.003829,100.0,0.0,0.0,0.003829,Reconnaissance
tcp,14788.0,0.0,100.0,0.000148,1.0,0.000148,100.0,0.0,0.0,0.000148,Reconnaissance
tcp,284.0,0.0,96.0,3e-06,1.0,3e-06,96.0,0.0,0.0,3e-06,Reconnaissance
tcp,153.0,0.0,100.0,0.007755,1.0,0.007755,100.0,128.949066,128.949066,0.007755,Reconnaissance
tcp,24231.0,0.0,25.0,0.199114,6.0,0.199114,100.0,25.111244,30.133492,0.199114,Reconnaissance
tcp,17296.0,0.0,100.0,5.600000000000001e-05,1.0,5.600000000000001e-05,100.0,0.0,0.0,5.600000000000001e-05,Reconnaissance
tcp,12276.0,0.0,50.0,6.8e-05,1.0,6.8e-05,100.0,0.0,0.0,6.8e-05,Reconnaissance
icmp,37002.0,0.0,20.0,0.0,5.0,0.0,3.0,0.0,0.0,0.0,Reconnaissance
tcp,7617.0,0.0,100.0,0.000377,1.0,0.000377,100.0,0.0,0.0,0.000377,Reconnaissance
udp,10095.0,0.0,15.0,9.1e-05,4.0,9.1e-05,60.0,0.0,0.0,9.1e-05,Reconnaissance
udp,32405.0,0.0,18.0,0.0,4.0,0.0,73.0,0.0,0.0,0.0,Reconnaissance
tcp,7303.0,0.0,100.0,0.003603,1.0,0.003603,100.0,0.0,0.0,0.003603,Reconnaissance
tcp,2140.0,0.0,34.0,7.2e-05,1.0,7.2e-05,100.0,0.0,0.0,7.2e-05,Reconnaissance
udp,409.0,0.0,15.0,8.4e-05,4.0,8.4e-05,57.0,0.0,0.0,8.4e-05,Reconnaissance
icmp,7181.0,0.0,42.0,0.0,5.0,0.0,11.0,0.0,0.0,0.0,Reconnaissance
tcp,1361.0,0.0,100.0,7.6e-05,1.0,7.6e-05,100.0,0.0,0.0,7.6e-05,Reconnaissance
udp,18885.0,0.0,14.0,0.000157,4.0,0.000157,56.0,0.0,0.0,0.000157,Reconnaissance
udp,1437.0,0.0,14.0,6.2e-05,4.0,6.2e-05,57.0,0.0,0.0,6.2e-05,Reconnaissance
tcp,30091.0,0.0,100.0,0.003985,1.0,0.003985,100.0,0.0,0.0,0.003985,Reconnaissance
icmp,37105.0,0.0,30.0,0.0,5.0,0.0,6.0,0.0,0.0,0.0,Reconnaissance
tcp,14489.0,0.0,100.0,0.000794,1.0,0.000794,100.0,0.0,0.0,0.000794,Reconnaissance
tcp,27306.0,0.0,100.0,0.003351,1.0,0.003351,100.0,0.0,0.0,0.003351,Reconnaissance
udp,17476.0,0.0,14.0,0.0,4.0,0.0,57.0,0.0,0.0,0.0,Reconnaissance
udp,11416.0,0.0,14.0,0.0,4.0,0.0,57.0,0.0,0.0,0.0,Reconnaissance
tcp,15367.0,0.0,73.0,0.013643,6.0,0.013643,100.0,219.892975,293.190643,0.013643,Reconnaissance
tcp,19493.0,0.0,55.0,4.4e-05,1.0,4.4e-05,53.0,0.0,0.0,4.4e-05,Reconnaissance
tcp,13100.0,0.0,100.0,0.003757,1.0,0.003757,100.0,0.0,0.0,0.003757,Reconnaissance
icmp,2958.0,0.0,42.0,0.0,5.0,0.0,10.0,0.0,0.0,0.0,Reconnaissance
tcp,21744.0,0.0,100.0,0.000112,1.0,0.000112,100.0,0.0,0.0,0.000112,Reconnaissance
tcp,5369.0,0.0,50.0,0.003314,1.0,0.003314,100.0,0.0,0.0,0.003314,Reconnaissance
udp,11046.0,0.0,15.0,8.6e-05,4.0,8.6e-05,58.0,0.0,0.0,8.6e-05,Reconnaissance
tcp,9934.0,0.0,51.0,9.4e-05,1.0,9.4e-05,100.0,0.0,0.0,9.4e-05,Reconnaissance
tcp,698.0,0.0,100.0,0.000132,1.0,0.000132,100.0,0.0,0.0,0.000132,Reconnaissance
tcp,29369.0,0.0,100.0,0.00396,1.0,0.00396,100.0,0.0,0.0,0.00396,Reconnaissance
tcp,8042.0,0.0,100.0,0.002516,1.0,0.002516,100.0,0.0,0.0,0.002516,Reconnaissance
icmp,12926.0,0.0,41.0,0.0,5.0,0.0,10.0,0.0,0.0,0.0,Reconnaissance
tcp,1104.0,0.0,34.0,3.4e-05,1.0,3.4e-05,100.0,0.0,0.0,3.4e-05,Reconnaissance
tcp,4006.0,0.0,33.0,0.0,1.0,0.0,100.0,0.0,0.0,0.0,Reconnaissance
tcp,21956.0,0.0,25.0,0.201158,6.0,0.201158,100.0,24.856083,29.827299,0.201158,Reconnaissance
tcp,13164.0,0.0,100.0,0.003661,1.0,0.003661,100.0,0.0,0.0,0.003661,Reconnaissance
tcp,1823.0,0.0,100.0,0.005829,1.0,0.005829,100.0,0.0,171.556015,0.005829,Reconnaissance
icmp,10567.0,0.0,40.0,0.0,5.0,0.0,11.0,0.0,0.0,0.0,Reconnaissance
tcp,17197.0,0.0,100.0,0.0004440000000000001,1.0,0.0004440000000000001,100.0,0.0,0.0,0.0004440000000000001,Reconnaissance
udp,9602.0,0.0,15.0,5.8e-05,4.0,5.8e-05,58.0,0.0,0.0,5.8e-05,Reconnaissance
udp,10853.0,0.0,14.0,7.4e-05,4.0,7.4e-05,56.0,0.0,0.0,7.4e-05,Reconnaissance
tcp,14406.0,0.0,100.0,0.000745,1.0,0.000745,100.0,0.0,0.0,0.000745,Reconnaissance
tcp,19745.0,0.0,26.0,0.231668,6.0,0.231668,100.0,17.266088,21.582609,0.231668,Reconnaissance
tcp,23945.0,0.0,100.0,0.001067,1.0,0.001067,100.0,0.0,0.0,0.001067,Reconnaissance
tcp,2222.0,0.0,34.0,4.4e-05,1.0,4.4e-05,100.0,0.0,0.0,4.4e-05,Reconnaissance
tcp,3218.0,0.0,100.0,0.000107,1.0,0.000107,100.0,0.0,0.0,0.000107,Reconnaissance
tcp,19795.0,0.0,23.0,0.5570649999999999,6.0,0.5570649999999999,100.0,10.770736,17.951225,0.5570649999999999,Reconnaissance
udp,7308.0,0.0,15.0,5e-05,4.0,5e-05,58.0,0.0,0.0,5e-05,Reconnaissance
tcp,26973.0,0.0,100.0,0.001435,1.0,0.001435,100.0,0.0,0.0,0.001435,Reconnaissance
tcp,2599.0,0.0,100.0,0.000121,1.0,0.000121,100.0,0.0,0.0,0.000121,Reconnaissance
tcp,2146.0,0.0,100.0,0.008478,1.0,0.008478,100.0,0.0,117.952347,0.008478,Reconnaissance
tcp,21146.0,0.0,100.0,6e-06,1.0,6e-06,100.0,0.0,0.0,6e-06,Reconnaissance
tcp,26333.0,0.0,100.0,0.002784,1.0,0.002784,100.0,0.0,0.0,0.002784,Reconnaissance
tcp,3472.0,0.0,33.0,7.4e-05,1.0,7.4e-05,99.0,0.0,0.0,7.4e-05,Reconnaissance
tcp,4742.0,0.0,33.0,8.499999999999999e-05,1.0,8.499999999999999e-05,100.0,0.0,0.0,8.499999999999999e-05,Reconnaissance
tcp,2048.0,0.0,92.0,0.001752,1.0,0.001752,100.0,0.0,570.776245,0.001752,Reconnaissance
tcp,21101.0,0.0,100.0,2.9e-05,1.0,2.9e-05,100.0,0.0,0.0,2.9e-05,Reconnaissance
tcp,8947.0,0.0,25.0,0.000153,1.0,0.000153,100.0,0.0,0.0,0.000153,Reconnaissance
tcp,5593.0,0.0,100.0,0.00019,1.0,0.00019,100.0,0.0,0.0,0.00019,Reconnaissance
tcp,413.0,0.0,100.0,0.000696,1.0,0.000696,100.0,0.0,0.0,0.000696,Reconnaissance
tcp,15403.0,0.0,100.0,0.000183,1.0,0.000183,100.0,0.0,0.0,0.000183,Reconnaissance
tcp,4613.0,0.0,100.0,0.0008359999999999999,1.0,0.0008359999999999999,100.0,0.0,0.0,0.0008359999999999999,Reconnaissance
tcp,2806.0,0.0,100.0,0.005446,1.0,0.005446,100.0,183.621002,0.0,0.005446,Reconnaissance
tcp,5919.0,0.0,100.0,0.000545,1.0,0.000545,100.0,0.0,0.0,0.000545,Reconnaissance
tcp,7257.0,0.0,100.0,0.001371,1.0,0.001371,100.0,0.0,0.0,0.001371,Reconnaissance
tcp,290.0,0.0,96.0,0.000205,1.0,0.000205,96.0,0.0,0.0,0.000205,Reconnaissance
udp,4216.0,0.0,4.0,0.00017,4.0,0.00017,54.0,0.0,0.0,0.00017,Reconnaissance
tcp,25868.0,0.0,100.0,0.0012,1.0,0.0012,100.0,0.0,0.0,0.0012,Reconnaissance
tcp,2452.0,0.0,99.0,7.099999999999999e-05,1.0,7.099999999999999e-05,99.0,0.0,0.0,7.099999999999999e-05,Reconnaissance
udp,3353.0,0.0,14.0,0.000187,4.0,0.000187,57.0,0.0,0.0,0.000187,Reconnaissance
tcp,9865.0,0.0,51.0,4.6e-05,1.0,4.6e-05,100.0,0.0,0.0,4.6e-05,Reconnaissance
tcp,11953.0,0.0,30.0,3.2e-05,1.0,3.2e-05,100.0,0.0,0.0,3.2e-05,Reconnaissance
tcp,2630.0,0.0,100.0,4e-05,1.0,4e-05,100.0,0.0,0.0,4e-05,Reconnaissance
tcp,14668.0,0.0,76.0,5.600000000000001e-05,1.0,5.600000000000001e-05,76.0,0.0,0.0,5.600000000000001e-05,Reconnaissance
tcp,2583.0,0.0,100.0,0.000103,1.0,0.000103,100.0,0.0,0.0,0.000103,Reconnaissance
udp,15751.0,0.0,15.0,0.000118,4.0,0.000118,58.0,0.0,0.0,0.000118,Reconnaissance
tcp,6115.0,0.0,100.0,0.003701,1.0,0.003701,100.0,0.0,0.0,0.003701,Reconnaissance
tcp,6293.0,0.0,100.0,0.0007700000000000001,1.0,0.0007700000000000001,100.0,0.0,0.0,0.0007700000000000001,Reconnaissance
icmp,4025.0,0.0,42.0,0.0,5.0,0.0,11.0,0.0,0.0,0.0,Reconnaissance
icmp,5230.0,0.0,43.0,0.0,5.0,0.0,10.0,0.0,0.0,0.0,Reconnaissance
tcp,7536.0,0.0,53.0,0.006585,1.0,0.006585,100.0,0.0,0.0,0.006585,Reconnaissance
tcp,10052.0,0.0,100.0,0.00067,1.0,0.00067,100.0,0.0,0.0,0.00067,Reconnaissance
tcp,19792.0,0.0,91.0,1e-06,1.0,1e-06,91.0,0.0,0.0,1e-06,Reconnaissance
icmp,18650.0,0.0,38.0,0.0,5.0,0.0,4.0,0.0,0.0,0.0,Reconnaissance
tcp,1380.0,0.0,100.0,0.001215,1.0,0.001215,100.0,0.0,0.0,0.001215,Reconnaissance
tcp,19963.0,0.0,100.0,2.3e-05,1.0,2.3e-05,100.0,0.0,0.0,2.3e-05,Reconnaissance
tcp,3930.0,0.0,33.0,5.600000000000001e-05,1.0,5.600000000000001e-05,98.0,0.0,0.0,5.600000000000001e-05,Reconnaissance
tcp,25762.0,0.0,100.0,0.0019920000000000003,1.0,0.0019920000000000003,100.0,0.0,0.0,0.0019920000000000003,Reconnaissance
udp,15946.0,0.0,14.0,9.8e-05,4.0,9.8e-05,58.0,0.0,0.0,9.8e-05,Reconnaissance
tcp,6236.0,0.0,100.0,0.001202,1.0,0.001202,100.0,0.0,0.0,0.001202,Reconnaissance
udp,14410.0,0.0,15.0,6.9e-05,4.0,6.9e-05,57.0,0.0,0.0,6.9e-05,Reconnaissance
tcp,1731.0,0.0,99.0,2.5e-05,1.0,2.5e-05,99.0,0.0,0.0,2.5e-05,Reconnaissance
icmp,12863.0,0.0,42.0,0.0,5.0,0.0,10.0,0.0,0.0,0.0,Reconnaissance
udp,12411.0,0.0,15.0,0.0,4.0,0.0,57.0,0.0,0.0,0.0,Reconnaissance
udp,34617.0,0.0,18.0,0.0002,4.0,0.0002,69.0,0.0,0.0,0.0002,Reconnaissance
tcp,28781.0,0.0,100.0,0.004314,1.0,0.004314,100.0,0.0,0.0,0.004314,Reconnaissance
tcp,17725.0,0.0,41.0,0.152394,6.0,0.152394,99.0,26.247753000000003,32.809692,0.152394,Reconnaissance
tcp,538.0,0.0,100.0,6e-05,1.0,6e-05,100.0,0.0,0.0,6e-05,Reconnaissance
tcp,3705.0,0.0,33.0,4.8e-05,1.0,4.8e-05,100.0,0.0,0.0,4.8e-05,Reconnaissance
tcp,15930.0,0.0,100.0,0.001029,1.0,0.001029,100.0,0.0,0.0,0.001029,Reconnaissance
udp,8503.0,0.0,14.0,4.2e-05,4.0,4.2e-05,58.0,0.0,0.0,4.2e-05,Reconnaissance
tcp,2082.0,0.0,87.0,0.000587,1.0,0.000587,100.0,0.0,0.0,0.000587,Reconnaissance
tcp,3823.0,0.0,100.0,0.000192,1.0,0.000192,100.0,0.0,0.0,0.000192,Reconnaissance
tcp,10899.0,0.0,100.0,0.000532,1.0,0.000532,100.0,0.0,0.0,0.000532,Reconnaissance
icmp,19083.0,0.0,42.0,0.0,5.0,0.0,11.0,0.0,0.00139,0.0,Reconnaissance
tcp,2117.0,0.0,100.0,5.400000000000001e-05,1.0,5.400000000000001e-05,100.0,0.0,0.0,5.400000000000001e-05,Reconnaissance
udp,586.0,0.0,15.0,0.000169,4.0,0.000169,58.0,0.0,0.0,0.000169,Reconnaissance
tcp,16208.0,0.0,100.0,1.8e-05,1.0,1.8e-05,100.0,0.0,0.0,1.8e-05,Reconnaissance
tcp,15566.0,0.0,100.0,5.7e-05,1.0,5.7e-05,100.0,0.0,0.0,5.7e-05,Reconnaissance
icmp,14333.0,0.0,40.0,0.0,5.0,0.0,11.0,0.0,0.0,0.0,Reconnaissance
tcp,7200.0,0.0,100.0,0.000918,1.0,0.000918,100.0,0.0,0.0,0.000918,Reconnaissance
icmp,5198.0,0.0,42.0,0.0,5.0,0.0,10.0,0.0,0.0,0.0,Reconnaissance
tcp,30684.0,0.0,83.0,0.000496,1.0,0.000496,100.0,0.0,0.0,0.000496,Reconnaissance
tcp,1793.0,0.0,100.0,0.000181,1.0,0.000181,100.0,0.0,0.0,0.000181,Reconnaissance
icmp,15585.0,0.0,42.0,0.0,5.0,0.0,10.0,0.0,0.001838,0.0,Reconnaissance
arp,92.0,0.924421,6.0,2.356414,2.0,2.991118,26.0,0.005351,0.005351,4.820797,Reconnaissance
tcp,9075.0,0.0,100.0,0.006401,1.0,0.006401,100.0,156.22558600000005,156.22558600000005,0.006401,Reconnaissance
udp,2380.0,0.0,15.0,0.000103,4.0,0.000103,58.0,0.0,0.0,0.000103,Reconnaissance
icmp,8972.0,0.0,43.0,0.0,5.0,0.0,10.0,0.0,0.0,0.0,Reconnaissance
icmp,559.0,0.0,42.0,0.0,5.0,0.0,10.0,0.0,0.0,0.0,Reconnaissance
tcp,27209.0,0.0,100.0,0.0007570000000000001,1.0,0.0007570000000000001,100.0,0.0,0.0,0.0007570000000000001,Reconnaissance
tcp,17448.0,0.0,100.0,4e-05,1.0,4e-05,100.0,0.0,0.0,4e-05,Reconnaissance
udp,15338.0,0.0,15.0,0.000175,4.0,0.000175,58.0,0.0,0.0,0.000175,Reconnaissance
tcp,4619.0,0.0,100.0,0.00098,1.0,0.00098,100.0,0.0,0.0,0.00098,Reconnaissance
icmp,11358.0,0.0,42.0,0.0,5.0,0.0,11.0,0.0,0.0,0.0,Reconnaissance
udp,13753.0,0.0,16.0,0.0,4.0,0.0,62.0,0.0,0.0,0.0,Reconnaissance
tcp,7335.0,0.0,100.0,0.001363,1.0,0.001363,100.0,0.0,0.0,0.001363,Reconnaissance
tcp,10114.0,0.0,100.0,0.000782,1.0,0.000782,100.0,0.0,0.0,0.000782,Reconnaissance
tcp,1930.0,0.0,33.0,4.2e-05,1.0,4.2e-05,99.0,0.0,0.0,4.2e-05,Reconnaissance
tcp,17360.0,0.0,100.0,5.400000000000001e-05,1.0,5.400000000000001e-05,100.0,0.0,0.0,5.400000000000001e-05,Reconnaissance
tcp,3438.0,0.0,100.0,0.000229,1.0,0.000229,100.0,0.0,0.0,0.000229,Reconnaissance
tcp,2253.0,0.0,100.0,0.000218,1.0,0.000218,100.0,0.0,0.0,0.000218,Reconnaissance
tcp,17864.0,0.0,61.0,7.7e-05,1.0,7.7e-05,100.0,0.0,0.0,7.7e-05,Reconnaissance
tcp,3724.0,0.0,33.0,3.6e-05,1.0,3.6e-05,100.0,0.0,0.0,3.6e-05,Reconnaissance
tcp,15227.0,0.0,100.0,5.600000000000001e-05,1.0,5.600000000000001e-05,100.0,0.0,0.0,5.600000000000001e-05,Reconnaissance
udp,34160.0,0.0,18.0,0.000121,4.0,0.000121,70.0,0.0,0.0,0.000121,Reconnaissance
tcp,21739.0,0.0,100.0,0.000114,1.0,0.000114,100.0,0.0,0.0,0.000114,Reconnaissance
udp,2130.0,0.0,14.0,9.8e-05,4.0,9.8e-05,58.0,0.0,0.0,9.8e-05,Reconnaissance
tcp,213.0,0.0,19.0,0.000109,1.0,0.000109,19.0,0.0,0.0,0.000109,Reconnaissance
udp,15813.0,0.0,15.0,0.0,4.0,0.0,58.0,0.0,0.0,0.0,Reconnaissance
tcp,30573.0,0.0,100.0,0.00402,1.0,0.00402,100.0,0.0,0.0,0.00402,Reconnaissance
tcp,13559.0,0.0,100.0,0.001026,1.0,0.001026,100.0,0.0,0.0,0.001026,Reconnaissance
tcp,7331.0,0.0,100.0,0.0,3.0,0.0,100.0,0.0,0.0,0.0,Reconnaissance
udp,5700.0,0.0,15.0,9.9e-05,4.0,9.9e-05,58.0,0.0,0.0,9.9e-05,Reconnaissance
icmp,6362.0,0.0,43.0,0.0,5.0,0.0,11.0,0.0,0.0,0.0,Reconnaissance
tcp,15959.0,0.0,100.0,0.000293,1.0,0.000293,100.0,0.0,3412.969482,0.000293,Reconnaissance
udp,16643.0,0.0,14.0,0.000215,4.0,0.000215,58.0,0.0,0.0,0.000215,Reconnaissance
tcp,7178.0,0.0,100.0,0.001413,1.0,0.001413,100.0,0.0,0.0,0.001413,Reconnaissance
tcp,11803.0,0.0,100.0,0.000954,1.0,0.000954,100.0,0.0,0.0,0.000954,Reconnaissance
tcp,1049.0,0.0,100.0,0.000103,1.0,0.000103,100.0,0.0,0.0,0.000103,Reconnaissance
tcp,4047.0,0.0,32.0,3e-06,1.0,3e-06,99.0,0.0,0.0,3e-06,Reconnaissance
tcp,22085.0,0.0,100.0,0.00011,1.0,0.00011,100.0,0.0,0.0,0.00011,Reconnaissance
udp,17464.0,0.0,15.0,0.000117,4.0,0.000117,57.0,0.0,0.0,0.000117,Reconnaissance
tcp,9121.0,0.0,100.0,0.0055060000000000005,1.0,0.0055060000000000005,100.0,181.620056,181.620056,0.0055060000000000005,Reconnaissance
tcp,17354.0,0.0,100.0,5.2e-05,1.0,5.2e-05,100.0,0.0,0.0,5.2e-05,Reconnaissance
tcp,16498.0,0.0,99.0,0.000114,1.0,0.000114,100.0,0.0,0.0,0.000114,Reconnaissance
icmp,18891.0,0.0,44.0,0.0,5.0,0.0,10.0,0.0,0.001371,0.0,Reconnaissance
tcp,21630.0,0.0,100.0,0.000115,1.0,0.000115,100.0,0.0,0.0,0.000115,Reconnaissance
tcp,5645.0,0.0,100.0,0.0034920000000000003,1.0,0.0034920000000000003,100.0,0.0,0.0,0.0034920000000000003,Reconnaissance
icmp,5196.0,0.0,42.0,0.0,5.0,0.0,10.0,0.0,0.0,0.0,Reconnaissance
tcp,11772.0,0.0,100.0,0.001064,1.0,0.001064,100.0,0.0,0.0,0.001064,Reconnaissance
udp,8665.0,0.0,14.0,0.0,4.0,0.0,58.0,0.0,0.0,0.0,Reconnaissance
tcp,49.0,0.0,48.0,0.000205,1.0,0.000205,25.0,0.0,0.0,0.000205,Theft
tcp,47.0,0.0,48.0,0.000218,1.0,0.000218,25.0,0.0,0.0,0.000218,Theft
tcp,31.0,0.0,19.0,3.207045,6.0,3.207045,8.0,4.989016,4.0535760000000005,3.207045,Theft
tcp,8.0,0.0,48.0,0.00011,1.0,0.00011,23.0,0.0,0.0,0.00011,Theft
tcp,45.0,0.0,48.0,0.000151,1.0,0.000151,23.0,0.0,0.0,0.000151,Theft
tcp,73.0,0.0,19.0,3.427753,6.0,3.427753,19.0,4.667781,4.084308,3.427753,Theft
tcp,32.0,0.0,19.0,2.738534,6.0,2.738534,8.0,5.842542,5.1122239999999985,2.738534,Theft
