udp,261852.0,0.030495,47.0,4.031157,4.0,4.061684,100.0,0.0,0.490122,4.09221,DDoS
udp,98547.0,1.413319,100.0,1.983545,4.0,3.982171,100.0,0.0,1.003194,4.99949,DDoS
tcp,68985.0,1.92543,89.0,0.0,1.0,2.72076,100.0,0.0,0.275619,4.176113,DDoS
udp,160720.0,1.390019,39.0,1.371384,4.0,3.327963,100.0,0.0,0.627641,4.4708120000000005,DDoS
udp,106939.0,2.094885,49.0,0.0,4.0,2.93594,100.0,0.0,0.388266,4.747427,DDoS
udp,260462.0,1.939998,100.0,0.0,4.0,2.742994,100.0,0.0,0.4844770000000001,4.163211,DDoS
tcp,42806.0,0.303768,100.0,2.9211,3.0,3.344033,100.0,0.0,0.295528,3.620761,DDoS
tcp,204767.0,1.523885,42.0,0.0,3.0,2.150001,100.0,0.0,0.316106,3.3532870000000004,DDoS
udp,246567.0,0.172123,100.0,4.0712449999999984,4.0,4.243368,100.0,0.0,0.475546,4.415491,DDoS
tcp,107368.0,0.128876,57.0,0.0,1.0,0.122992,100.0,0.02243,0.11215,0.300426,DDoS
udp,229590.0,0.359513,84.0,4.044514,4.0,4.404031,100.0,0.0,0.461258,4.763547,DDoS
tcp,197548.0,0.0,74.0,0.0,3.0,0.0,100.0,0.0,0.0,0.0,DDoS
udp,3337.0,0.649594,86.0,2.74919,4.0,3.667316000000001,100.0,0.0,0.728829,4.153626999999998,DDoS
udp,110879.0,1.873947,100.0,0.986524,4.0,3.636567,100.0,0.0,1.005255,4.983306,DDoS
udp,53965.0,0.300899,100.0,3.49956,4.0,3.924962,100.0,0.0,0.602363,4.146864,DDoS
udp,35972.0,0.632953,100.0,2.760139,4.0,3.655253,100.0,0.0,0.729375,4.107511,DDoS
udp,146005.0,1.426985,93.0,1.373844,4.0,3.374768,100.0,0.0,0.620783,4.602507,DDoS
tcp,124426.0,0.0,36.0,0.0,3.0,0.0,100.0,0.0,0.092385,0.0,DDoS
tcp,104712.0,1.57637,80.0,0.0,3.0,2.224915,100.0,0.0,0.305871,3.45873,DDoS
udp,115715.0,0.633192,100.0,2.762201,4.0,3.65767,100.0,0.0,0.72929,4.105804,DDoS
tcp,137174.0,0.089871,56.0,3.980452,3.0,4.070323,100.0,0.0,0.207164,4.160195,DDoS
udp,143855.0,0.814637,36.0,2.987957,4.0,3.986585,100.0,0.0,1.00256,4.983399,DDoS
tcp,213463.0,0.032217,100.0,3.641093,3.0,3.673324,100.0,0.0,0.266697,3.705555,DDoS
tcp,153235.0,0.01494,100.0,4.008886,3.0,4.023761,100.0,0.0,0.208529,4.038636,DDoS
tcp,191288.0,2.201604,95.0,0.0,1.0,2.201604,100.0,0.0,0.162736,4.403208,DDoS
udp,91397.0,0.860825,100.0,3.136041,4.0,4.353113,100.0,0.0,0.928386,4.985771,DDoS
udp,145105.0,0.7435729999999999,100.0,2.5441990000000003,4.0,3.5955220000000003,100.0,0.0,0.7405229999999999,4.140977,DDoS
udp,103788.0,1.005344,100.0,1.9669330000000005,4.0,3.388218,100.0,0.0,0.490789,4.13103,DDoS
udp,97042.0,1.003881,100.0,1.962479,4.0,3.3816650000000004,100.0,0.0,0.490923,4.12436,DDoS
udp,131264.0,0.246079,100.0,4.058655,4.0,4.304738,100.0,0.0,0.375129,4.550821,DDoS
tcp,33826.0,1.907727,57.0,0.0,3.0,2.6977450000000003,100.0,0.0,0.24972,4.074233,DDoS
tcp,104422.0,0.0,55.0,0.0,3.0,0.0,100.0,0.0,0.074911,0.0,DDoS
tcp,88558.0,0.074085,22.0,0.0,1.0,0.074085,100.0,0.0,0.194648,0.148171,DDoS
udp,47461.0,0.650478,100.0,2.771886,4.0,3.691627,100.0,0.0,0.723889,4.167063,DDoS
udp,74503.0,0.025259,100.0,3.99256,4.0,4.014054,100.0,0.0,0.837591,4.0495480000000015,DDoS
tcp,547.0,0.047423,100.0,3.449064,1.0,3.495928,74.0,0.08904400000000001,0.273687,3.560908,DDoS
udp,65066.0,0.996333,100.0,2.025693,4.0,3.434358,100.0,0.0,0.416443,4.1663510000000015,DDoS
tcp,103481.0,0.0,57.0,0.0,3.0,0.0,100.0,0.0,0.095099,0.0,DDoS
udp,90273.0,1.367334,100.0,1.975469,4.0,3.90917,100.0,0.0,1.0248270000000002,4.876663,DDoS
udp,6872.0,0.6439060000000001,96.0,2.778793,4.0,3.689285,100.0,0.0,0.7235590000000001,4.157876,DDoS
tcp,24215.0,2.226367,78.0,0.0,3.0,2.226367,100.0,0.0,0.135964,4.452735,DDoS
udp,255603.0,1.939948,100.0,0.0,4.0,2.74291,100.0,0.0,0.484525,4.163633,DDoS
tcp,121818.0,0.0,100.0,0.0,3.0,0.0,100.0,0.0,0.067284,0.0,DDoS
tcp,88637.0,0.326414,100.0,3.070227,1.0,3.510762,100.0,0.14131,0.4123,3.850467,DDoS
tcp,78805.0,0.039641,69.0,3.605612,3.0,3.645264,100.0,0.0,0.271014,3.684916,DDoS
udp,109518.0,1.367544,100.0,1.976649,4.0,3.910632,100.0,0.0,0.9518,4.88446,DDoS
tcp,8085.0,0.099461,76.0,0.0,1.0,0.057424,76.0,0.0,0.096089,0.229696,DDoS
tcp,198000.0,0.0,100.0,0.0,3.0,0.0,100.0,0.0,0.0,0.0,DDoS
udp,32127.0,0.631007,71.0,2.7870470000000003,4.0,3.678830000000001,100.0,0.0,0.727233,4.152933999999999,DDoS
tcp,216087.0,0.0,100.0,0.0,3.0,0.0,100.0,0.0,0.0,0.0,DDoS
tcp,213052.0,0.0,83.0,0.261799,1.0,0.261799,100.0,0.0,3.819724,0.261799,DDoS
tcp,224427.0,1.435731,73.0,0.0,3.0,2.030396,100.0,0.0,0.33086,3.055666,DDoS
udp,37672.0,0.82601,95.0,2.976065,4.0,3.985061,100.0,0.0,1.002717,4.99935,DDoS
udp,237916.0,1.818892,13.0,0.997096,4.0,3.5693980000000005,100.0,0.0,1.024635,4.8576760000000005,DDoS
tcp,181727.0,0.0,100.0,0.0,3.0,0.0,100.0,0.0,0.0,0.0,DDoS
tcp,130520.0,0.095746,48.0,3.996029,3.0,4.091775,100.0,0.0,0.206706,4.187521,DDoS
tcp,258245.0,0.0,100.0,0.0,3.0,0.0,100.0,0.0,0.0,0.0,DDoS
tcp,183172.0,0.0,68.0,0.25595100000000004,1.0,0.25595100000000004,100.0,0.0,3.906998,0.25595100000000004,DDoS
tcp,176971.0,0.12996300000000002,100.0,0.0,1.0,0.091898,100.0,0.0,0.10414,0.275693,DDoS
tcp,168398.0,0.120656,93.0,0.0,3.0,0.06966,100.0,0.0,0.11861,0.278642,DDoS
udp,49265.0,0.300104,49.0,3.4998949999999995,4.0,3.924241,100.0,0.0,0.6017140000000001,4.142774,DDoS
udp,162901.0,1.949101,100.0,0.0,4.0,2.7549080000000004,100.0,0.0,0.406135,4.212085,DDoS
udp,207526.0,1.831143,28.0,0.984438,4.0,3.574064,100.0,0.0,1.025178,4.870764,DDoS
udp,74486.0,1.415241,79.0,1.981417,4.0,3.98279,100.0,0.0,1.003316,4.99896,DDoS
udp,150555.0,0.8267530000000001,84.0,2.3384,4.0,3.5069790000000003,100.0,0.0,0.4783520000000001,4.1243870000000005,DDoS
udp,224913.0,0.385347,70.0,4.0381540000000005,4.0,4.423504,100.0,0.0,0.460492,4.808853,DDoS
udp,88144.0,0.952176,100.0,2.008467,4.0,3.355042,100.0,0.0,0.495015,4.031349,DDoS
udp,25765.0,1.000766,100.0,1.976324,4.0,3.391055,100.0,0.0,0.4903520000000001,4.133095,DDoS
tcp,241393.0,0.0,85.0,0.0,3.0,0.0,100.0,0.0,0.0,0.0,DDoS
udp,4511.0,0.6425649999999999,100.0,2.783043,4.0,3.691676,100.0,0.0,0.723526,4.15715,DDoS
udp,121730.0,1.875175,26.0,0.986489,4.0,3.638296,100.0,0.0,1.005337,4.983199,DDoS
tcp,22751.0,0.011943,81.0,0.0,1.0,0.011943,100.0,0.0,0.210869,0.023886,DDoS
udp,35146.0,0.975007,91.0,2.026784,4.0,3.405454,100.0,0.0,0.490609,4.1151019999999985,DDoS
udp,215850.0,1.7134509999999998,100.0,0.0,4.0,2.338853,100.0,0.0,0.451175,4.057094,DDoS
udp,17176.0,0.970664,83.0,2.034438,4.0,3.406886,100.0,0.0,0.490328,4.117117,DDoS
tcp,184497.0,0.133981,100.0,0.0,1.0,0.094739,100.0,0.0,0.103486,0.284217,DDoS
udp,248374.0,0.158946,96.0,4.027024,4.0,4.185976,100.0,0.0,0.4811220000000001,4.344928,DDoS
udp,202755.0,1.62299,78.0,0.99132,4.0,3.251877,100.0,0.0,0.936929,4.726474,DDoS
tcp,111449.0,1.564704,61.0,0.0,3.0,2.207582,100.0,0.0,0.305912,3.44323,DDoS
udp,41469.0,0.993962,60.0,2.023541,4.0,3.4289050000000003,100.0,0.0,0.485733,4.157151,DDoS
udp,9907.0,0.911686,68.0,2.938549,4.0,4.227797,100.0,0.0,1.024343,4.884027,DDoS
tcp,43365.0,0.0,31.0,0.0,3.0,0.0,100.0,0.0,0.100035,0.0,DDoS
udp,90395.0,0.012533,100.0,3.971615,4.0,3.989335,100.0,0.0,0.8445229999999999,3.998532,DDoS
udp,99902.0,1.004566,37.0,1.960807,4.0,3.380965,100.0,0.0,0.420833,4.124105,DDoS
tcp,40191.0,0.142042,96.0,0.0,1.0,0.082008,100.0,0.0,0.093819,0.328033,DDoS
udp,106880.0,0.8226450000000001,100.0,2.98011,4.0,3.98362,100.0,0.0,1.003081,4.995124,DDoS
udp,234012.0,1.900038,47.0,0.0,4.0,2.687057,100.0,0.0,0.495003,4.032843,DDoS
udp,28845.0,0.316285,100.0,3.4768160000000004,4.0,3.924011,100.0,0.0,0.532513,4.155880000000002,DDoS
udp,243825.0,1.897291,80.0,0.0,4.0,2.683171,100.0,0.0,0.4945270000000001,4.028175,DDoS
udp,67650.0,1.340134,100.0,2.123376,4.0,4.018379,100.0,0.0,0.995245,4.991651,DDoS
udp,259305.0,1.940104,81.0,0.0,4.0,2.743156,100.0,0.0,0.48449,4.162921,DDoS
udp,237799.0,1.913744,100.0,0.0,4.0,2.706442,100.0,0.0,0.493217,4.061808,DDoS
udp,41882.0,0.8258280000000001,100.0,2.97585,4.0,3.984182,100.0,0.0,1.002811,4.998678,DDoS
tcp,232921.0,0.0,76.0,0.0,3.0,0.0,100.0,0.0,0.0,0.0,DDoS
udp,8547.0,0.949299,100.0,2.040487,4.0,3.382999,100.0,0.0,0.493037,4.054399,DDoS
udp,245488.0,1.922185,100.0,0.0,4.0,2.718335,100.0,0.0,0.490731,4.090888,DDoS
tcp,104280.0,1.82614,63.0,0.0,1.0,1.4236540000000002,100.0,0.050838,0.118329,4.0015160000000005,DDoS
udp,228384.0,1.897944,100.0,0.0,4.0,2.684095,100.0,0.0,0.494604,4.029627,DDoS
udp,99984.0,1.528699,39.0,1.390769,4.0,3.499138,100.0,0.0,0.547088,4.967405,DDoS
udp,210804.0,1.922692,32.0,0.0,4.0,2.719064,100.0,0.0,0.490563,4.090338,DDoS
tcp,34271.0,2.22016,94.0,0.0,3.0,2.22016,100.0,0.0,0.136034,4.4403190000000015,DDoS
tcp,130013.0,1.711632,100.0,0.0,1.0,2.419991,100.0,0.0,0.362228,3.677488,DDoS
udp,196561.0,1.282442,36.0,1.414079,4.0,3.227393,100.0,0.0,0.724229,4.16406,DDoS
tcp,196207.0,1.892896,100.0,0.0,1.0,1.3384790000000002,100.0,0.0,0.208525,4.015438,DDoS
udp,68200.0,1.324264,100.0,2.156828,4.0,4.029391,100.0,0.0,0.921969,4.991125,DDoS
udp,192006.0,1.803821,100.0,0.0,4.0,2.534666,100.0,0.0,0.427646,4.051513,DDoS
udp,141570.0,0.913328,100.0,2.154635,4.0,3.445692,100.0,0.0,0.484389,4.1248580000000015,DDoS
udp,48326.0,0.996239,100.0,2.025039,4.0,3.43361,100.0,0.0,0.485756,4.164097,DDoS
tcp,12700.0,1.719471,84.0,0.0,1.0,2.431667,100.0,0.0,0.35962,3.658301,DDoS
tcp,3151.0,1.093561,68.0,0.0,1.0,0.91734,100.0,0.031621,0.158107,2.454286,DDoS
tcp,69694.0,0.118791,32.0,0.0,3.0,0.068584,100.0,0.0,0.091808,0.274336,DDoS
tcp,6143.0,0.005315,96.0,0.0,1.0,0.005315,100.0,0.0,0.208174,0.01063,DDoS
udp,162702.0,1.370378,100.0,1.97142,4.0,3.909425,100.0,0.0,0.951784,4.881199,DDoS
udp,186624.0,1.909297,100.0,0.0,4.0,2.700146,100.0,0.0,0.493325,4.055554,DDoS
udp,70522.0,1.905756,68.0,0.0,4.0,2.695074,100.0,0.0,0.395925,4.059711,DDoS
udp,169479.0,1.91466,83.0,0.0,4.0,2.707702,100.0,0.0,0.409257,4.0735480000000015,DDoS
tcp,140162.0,1.88808,100.0,0.0,3.0,2.614392,100.0,0.0,0.272162,4.391679,DDoS
tcp,96494.0,1.688775,73.0,0.0,3.0,2.382173,100.0,0.0,0.281086,3.721184,DDoS
udp,121325.0,0.633255,100.0,2.761548,4.0,3.657107,100.0,0.0,0.72938,4.105197,DDoS
udp,88182.0,0.949243,100.0,2.014686,4.0,3.357114,100.0,0.0,0.494797,4.031351,DDoS
tcp,62514.0,1.265079,100.0,0.0,3.0,1.265079,100.0,0.0,0.049736,2.530157,DDoS
udp,50210.0,0.649933,94.0,2.772267,4.0,3.691329,100.0,0.0,0.651771,4.161303,DDoS
udp,160751.0,0.687824,61.0,3.000632,4.0,3.898361,100.0,0.0,0.87644,4.671594,DDoS
udp,81153.0,1.028435,100.0,2.782082,4.0,4.236227,100.0,0.0,0.950762,4.9880830000000005,DDoS
tcp,55238.0,1.737062,70.0,0.0,1.0,2.445808,100.0,0.0,0.350909,3.86769,DDoS
udp,48489.0,0.298973,100.0,3.5026050000000004,4.0,3.92532,100.0,0.0,0.601471,4.144538,DDoS
tcp,26352.0,1.130232,68.0,0.0,3.0,0.799195,100.0,0.0,0.092264,2.397584,DDoS
udp,210782.0,1.922691,32.0,0.0,4.0,2.719063,100.0,0.0,0.490563,4.090338,DDoS
tcp,30152.0,1.098062,100.0,0.0,1.0,0.931121,100.0,0.0,0.103599,2.472957,DDoS
udp,243513.0,1.93654,66.0,0.0,4.0,2.738123,100.0,0.0,0.484617,4.155078,DDoS
udp,56714.0,1.371285,100.0,1.966957,4.0,3.906233,100.0,0.0,1.024583,4.882045,DDoS
udp,102862.0,0.032894,100.0,3.936012,4.0,3.982519,100.0,0.0,0.8488899999999999,4.006682,DDoS
udp,78803.0,1.367688,90.0,1.9728,4.0,3.907,100.0,0.0,1.024736,4.877013,DDoS
udp,244618.0,1.901341,100.0,0.0,4.0,2.6889,100.0,0.0,0.494526,4.0366849999999985,DDoS
tcp,187477.0,1.439044,100.0,0.0,3.0,2.034791,100.0,0.0,0.324295,3.08372,DDoS
udp,218204.0,1.922382,52.0,0.0,4.0,2.7186220000000003,100.0,0.0,0.490645,4.090068,DDoS
udp,244612.0,1.936773,100.0,0.0,4.0,2.738445,100.0,0.0,0.484608,4.155879,DDoS
udp,145261.0,0.790179,100.0,2.754428,4.0,3.838879,100.0,0.0,0.630501,4.614659,DDoS
udp,113662.0,2.077437,29.0,0.0,4.0,2.9156310000000003,100.0,0.0,0.39123,4.686396,DDoS
udp,27612.0,0.94132,100.0,2.041162,4.0,3.372387,100.0,0.0,0.4944770000000001,4.039902,DDoS
tcp,9659.0,1.639792,81.0,0.169708,1.0,2.488588,100.0,0.089213,0.446064,3.669724,DDoS
udp,249956.0,0.129324,67.0,4.061982,4.0,4.191307,100.0,0.0,0.479903,4.320631,DDoS
tcp,245983.0,0.119456,89.0,3.740347,1.0,3.859803,100.0,0.0,0.34286300000000003,3.979259,DDoS
tcp,98944.0,1.583004,100.0,0.0,3.0,2.233417,100.0,0.0,0.305678,3.483311,DDoS
udp,143137.0,2.0070810000000003,100.0,0.0,4.0,2.830376,100.0,0.0,0.399134,4.430743,DDoS
udp,113456.0,0.8785940000000001,79.0,2.7578560000000003,4.0,3.926592,100.0,0.0,0.619215,4.876243,DDoS
udp,128867.0,0.632737,100.0,2.761453,4.0,3.656276,100.0,0.0,0.729394,4.10393,DDoS
udp,41706.0,0.454084,83.0,3.981231,4.0,4.348165,100.0,0.0,0.840621,4.988043,DDoS
tcp,74987.0,0.060961,42.0,2.966428,1.0,3.015549,100.0,0.0,0.415207,3.101473,DDoS
udp,12479.0,0.4609140000000001,100.0,3.992808,4.0,4.3385669999999985,100.0,0.0,0.8384889999999999,4.9899830000000005,DDoS
tcp,140151.0,0.109379,56.0,0.0,1.0,0.109379,100.0,0.0,0.209354,0.218757,DDoS
tcp,99343.0,1.584986,84.0,0.0,3.0,2.236141,100.0,0.0,0.30530100000000004,3.488475,DDoS
tcp,241830.0,2.011012,94.0,0.0,3.0,2.011012,100.0,0.0,0.139736,4.022024,DDoS
tcp,103007.0,1.296685,100.0,0.207249,1.0,2.040384,100.0,0.0,0.403579,2.999351,DDoS
tcp,229618.0,0.210168,73.0,3.078199,1.0,3.288365,100.0,0.0,0.417442,3.498532,DDoS
tcp,152600.0,1.897704,70.0,0.0,3.0,2.680741,100.0,0.0,0.253325,4.1313,DDoS
udp,123261.0,0.8472459999999999,38.0,2.756767,4.0,3.894643,100.0,0.0,0.622908,4.788643,DDoS
udp,219109.0,1.922698,67.0,0.0,4.0,2.719067,100.0,0.0,0.490647,4.091192,DDoS
tcp,230005.0,1.662939,56.0,0.0,3.0,2.35175,100.0,0.0,0.299083,3.529418,DDoS
udp,125261.0,1.876607,100.0,0.984114,4.0,3.637966000000001,100.0,0.0,1.005531,4.981513,DDoS
tcp,151349.0,0.051828,51.0,0.188878,1.0,0.255651,100.0,0.07079500000000001,0.176988,0.315215,DDoS
udp,158572.0,0.646401,23.0,2.770017,4.0,3.68329,100.0,0.0,0.724981,4.1745800000000015,DDoS
tcp,152948.0,0.0,100.0,0.0,3.0,0.0,100.0,0.0,0.0,0.0,DDoS
udp,103243.0,1.909061,100.0,0.0,4.0,2.699812,100.0,0.0,0.493549,4.055208,DDoS
udp,54687.0,0.8250139999999999,100.0,2.975777,4.0,3.982851,100.0,0.0,1.00302,4.996607,DDoS
udp,40167.0,0.6473260000000001,81.0,2.749652,4.0,3.664627,100.0,0.0,0.729511,4.147897,DDoS
udp,158023.0,0.6373340000000001,100.0,2.751933,4.0,3.653258,100.0,0.0,0.7296779999999999,4.1059839999999985,DDoS
udp,26604.0,0.650509,41.0,2.769741,4.0,3.68947,100.0,0.0,0.723897,4.167167,DDoS
tcp,159583.0,0.0,100.0,0.0,3.0,0.0,100.0,0.0,0.0,0.0,DDoS
udp,118149.0,1.3679940000000002,38.0,1.97596,4.0,3.910577,100.0,0.0,1.0250629999999998,4.88518,DDoS
tcp,50280.0,0.0,72.0,0.0,3.0,0.0,100.0,0.0,0.084597,0.0,DDoS
tcp,7795.0,0.12311400000000003,100.0,3.300219,1.0,3.4734510000000003,100.0,0.282092,0.408011,3.575187,DDoS
tcp,99859.0,0.0,82.0,0.0,3.0,0.0,100.0,0.0,0.098749,0.0,DDoS
tcp,201575.0,0.0,90.0,0.0,3.0,0.0,100.0,0.0,0.0,0.0,DDoS
udp,240139.0,1.923296,100.0,0.0,4.0,2.719907,100.0,0.0,0.490773,4.093419,DDoS
udp,110258.0,0.884541,85.0,2.761915,4.0,3.935045,100.0,0.0,0.618171,4.897702,DDoS
tcp,67791.0,2.2967310000000003,100.0,0.122148,1.0,2.418879,100.0,0.0,0.204643,4.71561,DDoS
udp,148551.0,0.8147840000000001,100.0,2.984514,4.0,3.986405,100.0,0.0,1.002474,4.980269,DDoS
tcp,167506.0,0.000965,100.0,3.626154,1.0,3.626413,100.0,0.0,0.370527,3.626672,DDoS
udp,107866.0,1.908955,96.0,0.0,4.0,2.699661,100.0,0.0,0.493565,4.055057,DDoS
tcp,154592.0,1.891702,68.0,0.0,3.0,2.672073,100.0,0.0,0.25343000000000004,4.1213690000000005,DDoS
udp,126481.0,2.047677,100.0,0.0,4.0,2.880374,100.0,0.0,0.394506,4.579515,DDoS
udp,126482.0,0.646845,22.0,2.77325,4.0,3.687236,100.0,0.0,0.724468,4.177164,DDoS
udp,76162.0,0.64431,85.0,2.780514,4.0,3.691485,100.0,0.0,0.7240300000000001,4.164285,DDoS
udp,255453.0,0.061274,100.0,4.069284,4.0,4.130542,100.0,0.0,0.486024,4.1918,DDoS
udp,59680.0,0.648702,100.0,2.773685,4.0,3.690989,100.0,0.0,0.724254,4.161266,DDoS
udp,139057.0,0.93255,60.0,2.116315,4.0,3.434562,100.0,0.0,0.485659,4.12751,DDoS
tcp,43000.0,0.109014,100.0,2.751611,3.0,2.902313,100.0,0.0,0.337913,3.005793,DDoS
udp,30223.0,0.952652,88.0,2.038425,4.0,3.385677,100.0,0.0,0.492973,4.061101,DDoS
tcp,137270.0,0.0,40.0,0.0,3.0,0.0,100.0,0.0,0.0,0.0,DDoS
udp,92249.0,0.8499260000000001,100.0,3.159836,4.0,4.361509,100.0,0.0,0.926924,4.985714,DDoS
udp,113495.0,0.052218,100.0,3.893259,4.0,3.967097,100.0,0.0,0.853261,4.004405,DDoS
udp,20113.0,1.416267,63.0,1.979321,4.0,3.982207,100.0,0.0,1.002698,4.991219,DDoS
udp,136537.0,0.646926,68.0,2.771725,4.0,3.68573,100.0,0.0,0.72458,4.177594999999998,DDoS
udp,231549.0,0.34134000000000003,100.0,4.04694,4.0,4.388283,100.0,0.0,0.462659,4.729625,DDoS
tcp,182518.0,1.536275,65.0,0.0,3.0,2.167215,100.0,0.0,0.313311,3.383474,DDoS
tcp,177236.0,1.907887,31.0,0.0,1.0,2.689461,100.0,0.0,0.317882,4.221675,DDoS
tcp,120163.0,0.15381199999999998,46.0,3.235688,1.0,3.449493,100.0,0.0,0.361139,3.591074,DDoS
udp,212014.0,1.722112,100.0,0.0,4.0,2.361645,100.0,0.0,0.448393,4.057712,DDoS
tcp,61991.0,2.283071,100.0,0.0,1.0,2.283071,100.0,0.0,0.20452,4.566141,DDoS
tcp,220283.0,0.0,69.0,0.0,3.0,0.0,100.0,0.0,0.0,0.0,DDoS
udp,114382.0,1.91671,68.0,0.0,4.0,2.710637,100.0,0.0,0.4142270000000001,4.066294999999998,DDoS
tcp,43183.0,0.039221,38.0,0.0,1.0,0.039221,100.0,0.0,0.189808,0.078442,DDoS
udp,7731.0,0.6451399999999999,64.0,2.778354,4.0,3.690547,100.0,0.0,0.723568,4.162108,DDoS
udp,76554.0,1.233433,58.0,2.043615,4.0,3.702844,100.0,0.0,0.395384,4.998565,DDoS
tcp,8391.0,0.090884,65.0,3.4746690000000005,1.0,3.571184,100.0,0.0,0.353948,3.69295,DDoS
udp,143031.0,0.8145789999999999,96.0,2.988104,4.0,3.987903,100.0,0.0,1.002277,4.9833940000000005,DDoS
tcp,193733.0,0.073612,100.0,3.887635,3.0,3.961253,100.0,0.0,0.248,4.034871,DDoS
tcp,154432.0,1.901714,100.0,0.0,1.0,2.689427,100.0,0.0,0.27766,4.037332,DDoS
tcp,45596.0,0.06592,88.0,0.078951,1.0,0.144871,100.0,0.097578,0.292733,0.210791,DDoS
tcp,98361.0,1.923761,100.0,0.0,1.0,2.688662,100.0,0.0,0.339301,4.393002,DDoS
udp,199503.0,1.899148,36.0,0.0,4.0,2.6857990000000003,100.0,0.0,0.494857,4.031849,DDoS
tcp,103103.0,0.053997,84.0,3.665506,3.0,3.719512,100.0,0.0,0.270777,3.773517,DDoS
udp,93836.0,0.716821,100.0,2.602028,4.0,3.615387,100.0,0.0,0.66362,4.146066,DDoS
tcp,31256.0,2.237206,99.0,0.0,3.0,2.237206,100.0,0.0,0.135615,4.474412999999998,DDoS
udp,127610.0,0.64682,74.0,2.773051,4.0,3.686988,100.0,0.0,0.72448,4.177153,DDoS
tcp,164213.0,1.4948860000000002,100.0,0.0,1.0,2.55382,100.0,0.271448,0.437711,3.683944,DDoS
udp,244281.0,1.901456,64.0,0.0,4.0,2.689062,100.0,0.0,0.494524,4.03685,DDoS
udp,189633.0,1.956091,100.0,0.0,4.0,2.766317,100.0,0.0,0.484411,4.156984,DDoS
udp,118078.0,1.950238,100.0,0.0,4.0,2.757947,100.0,0.0,0.4844850000000001,4.157881,DDoS
tcp,141688.0,2.24031,100.0,0.0,3.0,2.24031,100.0,0.0,0.14639100000000002,4.480621,DDoS
tcp,56226.0,0.0,95.0,0.0,3.0,0.0,100.0,0.0,0.094719,0.0,DDoS
udp,92272.0,2.129691,100.0,0.0,4.0,2.976269,100.0,0.0,0.384767,4.864085,DDoS
udp,213110.0,1.954961,64.0,0.0,4.0,2.764732,100.0,0.0,0.484504,4.147859,DDoS
udp,167447.0,1.925536,100.0,0.0,4.0,2.722874,100.0,0.0,0.409311,4.115935,DDoS
udp,17929.0,0.317825,72.0,3.483692,4.0,3.932671,100.0,0.0,0.597919,4.17546,DDoS
udp,6704.0,0.967967,50.0,2.011723,4.0,3.380635,100.0,0.0,0.49328,4.065697,DDoS
udp,147997.0,1.41933,87.0,1.374069,4.0,3.365896,100.0,0.0,0.62228,4.576797,DDoS
tcp,173132.0,1.70978,27.0,0.0,3.0,2.417807,100.0,0.0,0.292074,3.652794,DDoS
udp,7929.0,0.940069,12.0,2.043213,4.0,3.372671,100.0,0.0,0.494424,4.038446,DDoS
tcp,219306.0,0.106098,100.0,3.420107,3.0,3.5262010000000004,100.0,0.0,0.283062,3.632295,DDoS
tcp,136897.0,0.126023,28.0,0.0,1.0,0.063011,100.0,0.0,0.113409,0.31505700000000003,DDoS
udp,216373.0,1.899805,62.0,0.0,4.0,2.686729,100.0,0.0,0.494817,4.032041,DDoS
udp,175871.0,1.883857,100.0,0.0,4.0,2.663289,100.0,0.0,0.4139350000000001,4.054485,DDoS
udp,203554.0,2.148282,93.0,0.0,4.0,3.006676,100.0,0.0,0.678879,4.887637000000002,DDoS
udp,19017.0,0.911575,100.0,2.93943,4.0,4.228507,100.0,0.0,1.024335,4.885669999999998,DDoS
tcp,220650.0,0.0,100.0,0.0,3.0,0.0,100.0,0.0,0.0,0.0,DDoS
udp,57879.0,0.300982,9.0,3.498591,4.0,3.924094,100.0,0.0,0.603248,4.1466,DDoS
udp,255271.0,1.9399,100.0,0.0,4.0,2.742837,100.0,0.0,0.48454,4.163776,DDoS
udp,64230.0,0.630656,69.0,2.765626,4.0,3.657503,100.0,0.0,0.729085,4.105885,DDoS
tcp,52020.0,0.050922,90.0,0.0,1.0,0.050922,100.0,0.0,0.169452,0.101844,DDoS
tcp,126393.0,0.138755,23.0,3.683209,1.0,3.851073,100.0,0.0,0.31793000000000005,4.0230190000000015,DDoS
udp,44459.0,0.823425,54.0,2.981249,4.0,3.985554,100.0,0.0,1.002879,4.998169,DDoS
tcp,156557.0,0.0,66.0,0.0,3.0,0.0,100.0,0.0,0.0,0.0,DDoS
tcp,5696.0,1.732504,92.0,0.0,1.0,2.446964,100.0,0.0,0.361777,3.778285,DDoS
tcp,168370.0,0.120665,93.0,0.0,3.0,0.06966599999999999,100.0,0.0,0.118611,0.278663,DDoS
udp,222571.0,1.642038,100.0,0.0,4.0,2.011462,100.0,0.0,0.412069,4.022156,DDoS
tcp,80084.0,0.132448,26.0,3.016967,1.0,3.165453,100.0,0.0,0.39712,3.338582,DDoS
udp,135566.0,0.816751,100.0,2.989234,4.0,3.989965,100.0,0.0,1.002163,4.989858,DDoS
tcp,76471.0,0.235289,58.0,4.006608,1.0,4.241893,100.0,0.0,0.273596,4.477178,DDoS
tcp,26273.0,0.116109,98.0,3.56842,3.0,3.684533,100.0,0.0,0.269692,3.800645,DDoS
tcp,218717.0,0.009863,11.0,3.962973,3.0,3.972884,100.0,0.0,0.249165,3.982795,DDoS
tcp,185472.0,1.923,70.0,0.0,1.0,2.664007,100.0,0.0,0.342632,4.469504,DDoS
tcp,207756.0,0.040801,60.0,4.0053519999999985,1.0,4.046153,100.0,0.0,0.33147600000000005,4.086954,DDoS
udp,99560.0,0.029028,100.0,3.94042,4.0,3.981479,100.0,0.0,0.84796,4.002736,DDoS
udp,134194.0,1.366234,100.0,1.979164,4.0,3.911292,100.0,0.0,1.02475,4.884621,DDoS
tcp,169393.0,1.703909,79.0,0.0,3.0,2.408961,100.0,0.0,0.292175,3.664824,DDoS
tcp,14734.0,2.211101,100.0,0.0,3.0,2.211101,100.0,0.0,0.136272,4.422202,DDoS
tcp,49715.0,0.0,87.0,0.0,3.0,0.0,100.0,0.0,0.08456699999999999,0.0,DDoS
udp,116434.0,1.873172,100.0,0.987139,4.0,3.636103,100.0,0.0,1.005421,4.980553,DDoS
tcp,163220.0,0.165872,100.0,0.0,1.0,0.095766,100.0,0.0,0.119197,0.383064,DDoS
udp,106181.0,0.8225899999999999,43.0,2.980046,4.0,3.983507,100.0,0.0,1.002977,4.994927,DDoS
tcp,97602.0,2.291477,99.0,0.0,3.0,2.291477,100.0,0.0,0.138553,4.582955,DDoS
tcp,89065.0,1.33893,78.0,0.0,3.0,1.33893,100.0,0.0,0.048632,2.677859,DDoS
udp,108042.0,1.292508,100.0,1.37992,4.0,3.207619,100.0,0.0,0.7293930000000001,4.143892,DDoS
tcp,129831.0,0.179752,91.0,0.0,1.0,0.17960299999999998,100.0,0.059656,0.118731,0.369546,DDoS
udp,109394.0,2.091069,47.0,0.0,4.0,2.9315,100.0,0.0,0.388647,4.734278,DDoS
tcp,134017.0,0.0,86.0,0.0,3.0,0.0,100.0,0.0,0.091624,0.0,DDoS
tcp,32350.0,1.169063,100.0,0.0,3.0,0.826652,100.0,0.0,0.091329,2.479957,DDoS
udp,205404.0,1.923285,100.0,0.0,4.0,2.719897,100.0,0.0,0.4905600000000001,4.092422,DDoS
tcp,214924.0,0.0,73.0,0.28285,1.0,0.28285,100.0,0.0,3.535443,0.28285,DDoS
tcp,179307.0,0.11742,68.0,0.0,1.0,0.08302899999999999,100.0,0.0,0.087976,0.249086,DDoS
udp,196710.0,1.283388,56.0,1.413613,4.0,3.228234,100.0,0.0,0.724058,4.166995,DDoS
tcp,150693.0,0.463807,100.0,3.3118220000000003,1.0,3.801809,100.0,0.142678,0.406917,4.4244379999999985,DDoS
tcp,111490.0,0.095461,100.0,0.0,1.0,0.095461,100.0,0.0,0.188859,0.190922,DDoS
udp,32550.0,0.31361,100.0,3.480268,4.0,3.923729,100.0,0.0,0.59954,4.15117,DDoS
udp,55533.0,0.941562,100.0,2.0374790000000003,4.0,3.369049,100.0,0.0,0.494892,4.035801,DDoS
tcp,27395.0,1.737309,100.0,0.0,1.0,2.454288,100.0,0.0,0.353269,3.780001,DDoS
udp,67264.0,1.921227,39.0,0.0,4.0,2.716994,100.0,0.0,0.393262,4.086765,DDoS
udp,86092.0,1.218077,100.0,2.010412,4.0,3.660727,100.0,0.0,0.399525,4.913566,DDoS
udp,157757.0,0.646654,100.0,2.770086,4.0,3.683675,100.0,0.0,0.652407,4.17593,DDoS
udp,99329.0,2.109524,100.0,0.0,4.0,2.952482,100.0,0.0,0.38784,4.799226999999999,DDoS
tcp,195341.0,1.5258,68.0,0.0,3.0,2.152919,100.0,0.0,0.315019,3.355097,DDoS
udp,114085.0,0.8720399999999999,100.0,2.762196,4.0,3.92374,100.0,0.0,0.619579,4.863386,DDoS
udp,92658.0,1.198252,58.0,2.010557,4.0,3.642034,100.0,0.0,0.401119,4.854543,DDoS
tcp,44724.0,1.654678,92.0,0.0,3.0,1.170034,100.0,0.0,0.204372,3.510102,DDoS
udp,194036.0,1.794225,76.0,0.0,4.0,2.517176,100.0,0.0,0.43121,4.05277,DDoS
tcp,107508.0,0.08495499999999999,100.0,3.646965,3.0,3.73192,100.0,0.0,0.270032,3.816876,DDoS
tcp,23984.0,2.2235150000000004,81.0,0.0,3.0,2.2235150000000004,100.0,0.0,0.1359,4.447030000000002,DDoS
tcp,115711.0,2.158246,100.0,0.0,3.0,1.2460639999999998,100.0,0.0,0.093069,4.984255,DDoS
udp,185199.0,1.837157,100.0,0.0,4.0,2.5908130000000003,100.0,0.0,0.422993,4.054991,DDoS
tcp,109656.0,0.102008,9.0,0.0,1.0,0.102008,100.0,0.0,0.188188,0.204015,DDoS
udp,21266.0,0.994335,100.0,2.027948,4.0,3.4337440000000004,100.0,0.0,0.4854979999999999,4.165925,DDoS
udp,226940.0,0.379211,100.0,4.042743,4.0,4.4219550000000005,100.0,0.0,0.459717,4.801166,DDoS
tcp,42077.0,1.910185,59.0,0.0,3.0,2.70141,100.0,0.0,0.249831,4.052567,DDoS
udp,129841.0,1.366183,77.0,1.97979,4.0,3.91184,100.0,0.0,1.024725,4.8862440000000005,DDoS
udp,22468.0,1.375676,46.0,1.957463,4.0,3.902921,100.0,0.0,1.024338,4.886731,DDoS
tcp,218678.0,1.533082,47.0,0.0,3.0,2.164613,100.0,0.0,0.318047,3.353449,DDoS
udp,128149.0,1.366236,55.0,1.979808,4.0,3.911935,100.0,0.0,0.951518,4.886202,DDoS
tcp,58037.0,0.112622,100.0,0.0,3.0,0.065022,100.0,0.0,0.092873,0.260089,DDoS
udp,216687.0,1.951371,16.0,0.0,4.0,2.759627,100.0,0.0,0.4845890000000001,4.1503830000000015,DDoS
udp,82964.0,1.414496,100.0,1.981728,4.0,3.982039,100.0,0.0,0.931622,4.998424,DDoS
udp,248527.0,1.939439,100.0,0.0,4.0,2.742182,100.0,0.0,0.484588,4.1629190000000005,DDoS
tcp,58341.0,0.29085500000000003,93.0,2.958376,3.0,3.363633,100.0,0.0,0.295049,3.627253,DDoS
udp,45880.0,1.0042209999999998,79.0,1.973618,4.0,3.39325,100.0,0.0,0.490595,4.137321,DDoS
udp,43445.0,0.952587,100.0,2.038665,4.0,3.3858269999999995,100.0,0.0,0.4930350000000001,4.061052,DDoS
udp,164116.0,1.370982,37.0,1.969357,4.0,3.908214,100.0,0.0,1.025148,4.8812940000000005,DDoS
tcp,89108.0,0.13063,26.0,3.793692,1.0,3.972418,100.0,0.0,0.314404,4.102266,DDoS
udp,158386.0,0.6380640000000001,97.0,2.751599,4.0,3.653951,100.0,0.0,0.729687,4.108433,DDoS
tcp,108632.0,0.0075,92.0,0.171103,1.0,0.17860299999999998,100.0,0.094036,0.282107,0.186103,DDoS
tcp,151892.0,0.0,52.0,0.0,3.0,0.0,100.0,0.0,0.0,0.0,DDoS
tcp,202309.0,1.523551,100.0,0.0,3.0,2.149452,100.0,0.0,0.315932,3.353409,DDoS
tcp,38489.0,0.264167,100.0,3.084179,1.0,3.457574,100.0,0.145548,0.409076,3.654696,DDoS
tcp,128201.0,1.472787,86.0,0.0,1.0,2.074457,100.0,0.0,0.407165,3.273309,DDoS
tcp,246955.0,0.122509,100.0,3.175969,1.0,3.298475,100.0,0.0,0.422455,3.420981,DDoS
tcp,185971.0,1.532396,99.0,0.0,3.0,2.1620470000000003,100.0,0.0,0.313769,3.371607,DDoS
udp,200979.0,1.283284,100.0,1.41238,4.0,3.226909,100.0,0.0,0.7242930000000001,4.163101,DDoS
udp,90583.0,0.920315,98.0,2.115939,4.0,3.417459,100.0,0.0,0.489509,4.070407,DDoS
tcp,173137.0,1.533757,29.0,0.0,3.0,2.161118,100.0,0.0,0.312045,3.402277,DDoS
tcp,116830.0,1.926973,35.0,0.0,3.0,2.665514,100.0,0.0,0.270835,4.489305,DDoS
udp,215054.0,0.474349,57.0,4.034731,4.0,4.50908,100.0,0.0,0.452808,4.983429,DDoS
tcp,24596.0,1.643357,100.0,0.0,3.0,2.32301,100.0,0.0,0.220117,3.5449300000000004,DDoS
tcp,120007.0,1.679331,88.0,0.0,1.0,2.373309,100.0,0.0,0.378097,3.635997,DDoS
tcp,172303.0,1.443285,100.0,0.0,3.0,2.04048,100.0,0.0,0.322434,3.104744,DDoS
udp,104853.0,1.368873,100.0,1.974046,4.0,3.90991,100.0,0.0,1.025185,4.884417,DDoS
tcp,123416.0,0.209699,97.0,3.229851,1.0,3.486229,100.0,0.140243,0.433349,3.743505,DDoS
udp,29080.0,1.41818,37.0,1.979671,4.0,3.985244,100.0,0.0,1.002722,4.998535,DDoS
udp,138310.0,0.936679,92.0,2.107494,4.0,3.4315830000000003,100.0,0.0,0.485958,4.127427,DDoS
udp,59560.0,1.49928,69.0,1.790995,4.0,3.911067,100.0,0.0,1.018901,4.998113,DDoS
tcp,79769.0,1.657782,100.0,0.0,3.0,1.1722290000000002,100.0,0.0,0.204127,3.516686,DDoS
tcp,177592.0,0.0,100.0,0.267973,1.0,0.267973,100.0,0.0,3.731719000000001,0.267973,DDoS
udp,6677.0,0.943611,100.0,2.979263,4.0,4.313723,100.0,0.0,1.00328,4.984797,DDoS
tcp,23451.0,1.6953939999999998,63.0,0.0,1.0,2.390735,100.0,0.0,0.27515,3.743685,DDoS
tcp,5716.0,0.0,100.0,0.0,3.0,0.0,100.0,0.0,0.067455,0.0,DoS
tcp,69849.0,0.06573,88.0,0.0,1.0,0.046478,88.0,0.0,0.054376,0.139434,DoS
udp,232959.0,1.733577,86.0,0.0,4.0,2.104262,86.0,0.0,0.242859,3.928736,DoS
udp,150787.0,1.741861,100.0,0.0,4.0,3.016789,100.0,0.0,0.241004,4.043792,DoS
tcp,216229.0,0.001801,100.0,0.147332,1.0,0.149133,100.0,0.035938,0.107815,0.15093399999999998,DoS
tcp,246654.0,0.0,100.0,0.234047,1.0,0.234047,100.0,0.0,4.272646,0.234047,DoS
tcp,9258.0,0.023352,100.0,0.0,1.0,0.023193,100.0,0.017828999999999998,0.053494000000000014,0.05024,DoS
udp,224622.0,1.572441,39.0,0.0,4.0,2.72346,39.0,0.0,0.290835,3.64812,DoS
udp,149702.0,1.78682,70.0,0.0,4.0,3.573519,70.0,0.0,0.446573,4.481564,DoS
tcp,185436.0,2.257727,76.0,0.0,1.0,2.257221,76.0,0.0,0.169916,4.582024,DoS
udp,201785.0,2.108386,70.0,0.0,4.0,2.107398,70.0,0.0,0.214888,4.306056,DoS
udp,55583.0,1.924886,100.0,0.0,4.0,3.848275,100.0,0.0,0.624394,4.912521,DoS
tcp,198236.0,0.0,100.0,0.16758499999999998,1.0,0.16758499999999998,100.0,0.0,5.967121,0.16758499999999998,DoS
udp,45710.0,0.003303,100.0,3.5744230000000003,4.0,3.5772410000000003,100.0,0.0,0.279637,3.582545,DoS
udp,261871.0,1.451811,100.0,0.0,4.0,2.509055,100.0,0.0,0.265097,3.502749,DoS
udp,202361.0,1.0472629999999998,94.0,0.0,4.0,2.092887,94.0,0.0,0.326056,2.666936,DoS
udp,39360.0,1.90955,100.0,0.0,4.0,3.819035,100.0,0.0,0.626732,4.791554,DoS
udp,58366.0,1.782258,74.0,0.0,4.0,3.309813,74.0,0.0,0.384891,4.705952,DoS
udp,162360.0,0.881755,100.0,2.559501,4.0,3.052075,100.0,0.0,0.35635500000000003,4.81307,DoS
udp,95185.0,0.019036,90.0,3.551794,4.0,3.568585,90.0,0.0,0.27982,3.6000660000000004,DoS
tcp,173981.0,2.085963,77.0,0.061318,1.0,3.009176,77.0,0.0,0.169985,4.580375,DoS
udp,243918.0,1.570498,100.0,0.0,4.0,2.720064,100.0,0.0,0.290982,3.6399,DoS
tcp,107858.0,0.0,61.0,0.0,3.0,0.0,61.0,0.0,0.106658,0.0,DoS
udp,142539.0,1.791652,100.0,0.0,4.0,3.583213,100.0,0.0,0.446572,4.491611,DoS
udp,8567.0,1.244598,100.0,0.0,4.0,1.7587669999999995,100.0,0.0,0.306516,2.717484,DoS
udp,115391.0,0.023094,100.0,4.7850790000000005,4.0,4.810192,100.0,0.0,0.6256390000000001,4.8461120000000015,DoS
udp,55188.0,0.008445000000000001,91.0,3.5678870000000003,4.0,3.5759480000000003,91.0,0.0,0.27965,3.590113,DoS
udp,186049.0,0.037226,31.0,3.626419,4.0,3.662611,31.0,0.0,0.287373,3.724622,DoS
tcp,3212.0,0.0,17.0,0.0,3.0,0.0,17.0,0.0,0.067381,0.0,DoS
udp,100699.0,1.818918,99.0,0.0,4.0,2.225375,99.0,0.0,0.213868,3.860727,DoS
udp,166722.0,1.74383,97.0,0.0,4.0,3.020194,97.0,0.0,0.225797,4.044055,DoS
udp,91682.0,1.7946380000000002,54.0,0.0,4.0,3.589261,54.0,0.0,0.44682,4.493112,DoS
tcp,215420.0,0.078261,100.0,0.0,1.0,0.078261,100.0,0.0,0.071814,0.156521,DoS
tcp,33591.0,0.006557,41.0,0.135509,1.0,0.142081,41.0,0.0403,0.10075,0.151032,DoS
tcp,74735.0,0.0,100.0,0.0,3.0,0.0,100.0,0.0,0.054406,0.0,DoS
udp,36366.0,1.57523,100.0,0.0,4.0,2.725883,100.0,0.0,0.230695,3.743849,DoS
udp,41892.0,1.783197,100.0,0.0,4.0,3.320557,100.0,0.0,0.382754,4.709806,DoS
udp,78170.0,1.947819,100.0,0.0,4.0,2.754622,100.0,0.0,0.158476,4.138157,DoS
udp,12636.0,0.8724620000000001,68.0,2.004906,4.0,3.416083,68.0,0.0,0.217988,4.396001,DoS
udp,187434.0,0.29125300000000004,31.0,3.947437,4.0,4.424055,31.0,0.0,0.408416,4.7271410000000005,DoS
udp,10265.0,0.45874,2.0,1.357979,4.0,2.383353,2.0,0.0,0.404791,2.602004,DoS
udp,149667.0,1.812363,100.0,0.0,4.0,1.479502,100.0,0.0,0.20056,3.755105,DoS
udp,244398.0,1.672321,100.0,0.0,4.0,2.857354,100.0,0.0,0.268616,4.257411,DoS
udp,18314.0,1.24328,100.0,0.0,4.0,1.756845,100.0,0.0,0.30727,2.721303,DoS
udp,49555.0,0.003928,100.0,3.5733589999999995,4.0,3.576779,100.0,0.0,0.279647,3.5836019999999995,DoS
udp,184360.0,1.047691,59.0,0.0,4.0,2.093473,59.0,0.0,0.32151,2.698875,DoS
udp,88149.0,1.574343,17.0,0.0,4.0,2.726801,17.0,0.0,0.246274,3.646117,DoS
udp,147559.0,0.963398,100.0,0.0,4.0,2.153997,100.0,0.0,0.367297,2.598494,DoS
udp,118296.0,0.021009,100.0,4.786666,4.0,4.809031,100.0,0.0,0.625853,4.842372,DoS
tcp,50733.0,2.099023,85.0,0.0,3.0,1.2118719999999998,85.0,0.0,0.131625,4.847487,DoS
udp,99834.0,1.7788240000000002,100.0,0.0,4.0,2.154807,100.0,0.0,0.221591,4.068886,DoS
tcp,117141.0,0.029992,29.0,0.08778,1.0,0.117771,29.0,0.037687,0.112434,0.147763,DoS
udp,149377.0,1.741479,23.0,0.0,4.0,3.01618,23.0,0.0,0.242709,4.042961,DoS
tcp,238217.0,0.0,100.0,0.14645899999999998,1.0,0.14645899999999998,100.0,0.0,6.8278490000000005,0.14645899999999998,DoS
tcp,126960.0,2.03731,100.0,0.0,3.0,1.176241,100.0,0.0,0.116323,4.7049650000000005,DoS
tcp,72315.0,0.047841,100.0,0.052302,1.0,0.100143,100.0,0.040812,0.122437,0.14798499999999998,DoS
udp,215320.0,0.027163,100.0,3.988473,4.0,4.0237110000000005,100.0,0.0,0.247776,4.054647,DoS
udp,53887.0,1.4843959999999998,100.0,0.0,4.0,2.5624990000000003,100.0,0.0,0.242039,3.601932,DoS
udp,182849.0,0.028428,94.0,3.986568,4.0,4.026687,94.0,0.0,0.247932,4.0485120000000006,DoS
tcp,43197.0,0.0,100.0,0.0,3.0,0.0,100.0,0.0,0.117371,0.0,DoS
udp,130216.0,0.071381,100.0,3.277306,4.0,3.346353,100.0,0.0,0.284077,3.459503,DoS
tcp,207242.0,2.133577,100.0,0.0,3.0,1.508667,100.0,0.0,0.127324,4.526,DoS
tcp,101409.0,2.0560650000000003,79.0,0.0,3.0,1.18707,79.0,0.0,0.119679,4.748279,DoS
udp,211583.0,0.02519,95.0,3.988205,4.0,4.023859,95.0,0.0,0.247932,4.042227,DoS
udp,174099.0,0.221344,100.0,4.114167,4.0,4.460801999999998,100.0,0.0,0.404381,4.719236,DoS
tcp,80150.0,2.043912,100.0,0.0,3.0,1.180053,100.0,0.0,0.123714,4.720214,DoS
udp,231409.0,1.737336,100.0,0.0,4.0,2.108007,100.0,0.0,0.242088,3.944826,DoS
udp,111292.0,1.810637,41.0,0.0,4.0,3.19836,41.0,0.0,0.461509,4.93397,DoS
tcp,91320.0,0.0,100.0,0.0,3.0,0.0,100.0,0.0,0.09029,0.0,DoS
udp,101049.0,2.1135580000000003,36.0,0.0,4.0,2.111792,36.0,0.0,0.200019,4.345725,DoS
udp,32328.0,2.053192,100.0,0.0,4.0,1.675256,100.0,0.0,0.190663,4.309325,DoS
tcp,137175.0,0.021637,62.0,0.097415,1.0,0.119052,62.0,0.0367,0.110101,0.140688,DoS
udp,171678.0,0.025246,100.0,3.992978,4.0,4.0286,100.0,0.0,0.248082,4.047962999999998,DoS
udp,7009.0,1.110652,92.0,1.602218,4.0,3.688604,92.0,0.0,0.436047,4.917544,DoS
tcp,100163.0,0.087649,87.0,0.0,1.0,0.049530000000000005,87.0,0.052132000000000005,0.129202,0.223856,DoS
tcp,255117.0,0.0,100.0,0.13439,1.0,0.13439,100.0,0.0,7.44103,0.13439,DoS
udp,179271.0,0.5623630000000001,50.0,3.275506,4.0,3.680555000000001,50.0,0.0,0.283475,4.643633,DoS
tcp,138248.0,0.115612,100.0,0.0,1.0,0.094319,100.0,0.054848,0.13991900000000002,0.243198,DoS
tcp,119105.0,1.7753310000000002,100.0,0.0,3.0,1.024988,100.0,0.0,0.178879,4.099951,DoS
udp,179151.0,1.05007,75.0,0.0,4.0,2.097976,75.0,0.0,0.320392,2.708796,DoS
udp,98079.0,0.044203,34.0,4.780892,4.0,4.815355,34.0,0.0,0.624178,4.890692,DoS
udp,57211.0,1.795623,100.0,0.0,4.0,3.591209,100.0,0.0,0.446785,4.497122,DoS
udp,165315.0,2.116791,100.0,0.0,4.0,2.1154490000000004,100.0,0.0,0.20848000000000005,4.337472,DoS
udp,173306.0,0.026165,100.0,3.992998000000001,4.0,4.029343,100.0,0.0,0.247998,4.0532900000000005,DoS
udp,6397.0,1.787909,58.0,0.0,4.0,3.09653,58.0,0.0,0.243336,4.152377,DoS
udp,160593.0,0.887863,48.0,2.5589150000000003,4.0,3.054968,48.0,0.0,0.356202,4.828265,DoS
tcp,211651.0,2.1447380000000003,72.0,0.0,3.0,1.516559,72.0,0.0,0.127412,4.549676,DoS
tcp,15846.0,0.0,25.0,0.0,3.0,0.0,25.0,0.0,0.122314,0.0,DoS
udp,228427.0,0.6994819999999999,100.0,2.977161,4.0,4.177477,100.0,0.0,0.4275020000000001,4.726045,DoS
udp,167765.0,1.782273,22.0,0.0,4.0,3.086783,22.0,0.0,0.230893,4.146966,DoS
udp,151090.0,1.7418490000000002,51.0,0.0,4.0,3.016811,51.0,0.0,0.240735,4.044148000000002,DoS
tcp,28789.0,0.009845,39.0,0.136471,1.0,0.146091,39.0,0.040294,0.100735,0.159618,DoS
udp,210402.0,0.500011,100.0,1.332682,4.0,2.331487,100.0,0.0,0.365697,2.611424,DoS
tcp,21673.0,0.001068,100.0,0.0,1.0,0.000534,100.0,0.0,0.127818,0.00267,DoS
udp,14665.0,1.244109,100.0,0.0,4.0,1.758009,100.0,0.0,0.307062,2.722244,DoS
tcp,82170.0,0.0,100.0,0.0,3.0,0.0,100.0,0.0,0.054553,0.0,DoS
tcp,71306.0,0.0,58.0,0.0,3.0,0.0,58.0,0.0,0.054354,0.0,DoS
tcp,188224.0,0.014643000000000003,100.0,0.0,1.0,0.013132,100.0,0.043339,0.129914,0.035425,DoS
udp,243512.0,0.030156,100.0,3.4973050000000003,4.0,3.548461,100.0,0.0,0.280423,3.572542,DoS
udp,120565.0,0.023105,54.0,3.539353,4.0,3.565624,54.0,0.0,0.279982,3.60197,DoS
tcp,135316.0,0.0,100.0,0.0,3.0,0.0,100.0,0.0,0.118706,0.0,DoS
tcp,226127.0,0.023848,100.0,0.135921,1.0,0.15977,100.0,0.03747,0.11241,0.183618,DoS
udp,259319.0,0.035232,100.0,4.148308,4.0,4.183539,100.0,0.0,0.239189,4.218771,DoS
tcp,74352.0,0.0,38.0,0.0,3.0,0.0,38.0,0.0,0.070999,0.0,DoS
udp,116266.0,0.024357,93.0,4.786912,4.0,4.8113660000000005,93.0,0.0,0.625747,4.850571,DoS
udp,258443.0,0.068328,100.0,4.132183,4.0,4.200526,100.0,0.0,0.238239,4.2688690000000005,DoS
udp,136686.0,0.096919,99.0,4.46034,4.0,4.581167,99.0,0.0,0.393994,4.7306339999999985,DoS
udp,71165.0,0.013962,54.0,3.5602400000000003,4.0,3.573083,54.0,0.0,0.279747,3.596588,DoS
tcp,99344.0,0.048589,54.0,0.068651,1.0,0.117241,54.0,0.038442,0.115326,0.16583,DoS
tcp,192228.0,0.0,100.0,0.0,3.0,0.0,100.0,0.0,0.12875799999999998,0.0,DoS
udp,105695.0,1.782284,70.0,0.0,4.0,3.086705,70.0,0.0,0.23071,4.142616,DoS
tcp,89291.0,0.123366,100.0,0.0,1.0,0.066745,100.0,0.038533,0.128656,0.312952,DoS
tcp,140412.0,0.0,100.0,0.0,3.0,0.0,100.0,0.0,0.119485,0.0,DoS
udp,72534.0,0.010106,100.0,3.565662,4.0,3.572417,100.0,0.0,0.279758,3.589694,DoS
udp,245310.0,1.665368,100.0,0.0,4.0,2.849001,100.0,0.0,0.269046,4.22391,DoS
udp,109241.0,1.7817599999999998,74.0,0.0,4.0,3.085698,74.0,0.0,0.230711,4.151927,DoS
udp,238184.0,1.7043560000000002,92.0,0.0,4.0,2.809746,92.0,0.0,0.279289,4.5996510000000015,DoS
udp,94935.0,1.745723,100.0,0.0,4.0,3.023063,100.0,0.0,0.247661,4.080554,DoS
tcp,184829.0,2.133591,52.0,0.0,3.0,3.015927,52.0,0.0,0.169929,4.604243,DoS
tcp,10843.0,0.0,100.0,0.0,3.0,0.0,100.0,0.0,0.097466,0.0,DoS
tcp,27592.0,2.006158,69.0,0.0,3.0,1.158256,69.0,0.0,0.135904,4.6330230000000014,DoS
udp,213294.0,0.668792,67.0,3.28777,4.0,3.978165,67.0,0.0,0.26732399999999995,4.6666300000000005,DoS
tcp,70380.0,0.0,94.0,0.0,3.0,0.0,94.0,0.0,0.070827,0.0,DoS
udp,55159.0,1.567605,100.0,0.0,4.0,2.713904,100.0,0.0,0.232249,3.696199,DoS
udp,144573.0,1.741226,23.0,0.0,4.0,3.015804,23.0,0.0,0.247788,4.039748,DoS
udp,107612.0,1.813621,11.0,0.0,4.0,3.204741,11.0,0.0,0.461421,4.935506,DoS
tcp,87905.0,0.0,100.0,0.0,3.0,0.0,100.0,0.0,0.054732,0.0,DoS
udp,252834.0,1.66,100.0,0.0,4.0,2.028445,100.0,0.0,0.259272,3.584384,DoS
udp,34442.0,1.432105,90.0,0.0,4.0,2.864199,90.0,0.0,0.28027,3.586894,DoS
tcp,238727.0,0.0,100.0,0.209253,1.0,0.209253,100.0,0.0,4.778904,0.209253,DoS
tcp,101888.0,0.039517,78.0,0.071385,1.0,0.110902,78.0,0.038293,0.114879,0.150419,DoS
tcp,37930.0,0.0,100.0,0.0,3.0,0.0,100.0,0.0,0.118327,0.0,DoS
udp,62037.0,1.932676,100.0,0.0,4.0,2.733069,100.0,0.0,0.157541,4.124215,DoS
udp,210358.0,0.018495,100.0,3.998504,4.0,4.023784,100.0,0.0,0.247806,4.042155,DoS
tcp,171787.0,0.017411000000000003,73.0,0.124746,1.0,0.142157,73.0,0.035460000000000005,0.106379,0.15956800000000002,DoS
udp,114684.0,1.5512860000000002,65.0,0.0,4.0,2.68686,65.0,0.0,0.238111,3.590967,DoS
udp,66966.0,1.783671,66.0,0.0,4.0,3.305839,66.0,0.0,0.385985,4.707647,DoS
tcp,104463.0,0.005389,100.0,0.0,3.0,0.002694,100.0,0.0,0.129552,0.013472,DoS
tcp,23091.0,0.010628,73.0,0.0,1.0,0.008674,73.0,0.053386,0.165548,0.022211,DoS
tcp,72524.0,0.0,100.0,0.0,3.0,0.0,100.0,0.0,0.16458,0.0,DoS
tcp,179197.0,0.0,100.0,0.0,3.0,0.0,100.0,0.0,0.16275499999999998,0.0,DoS
udp,218529.0,1.583128,100.0,0.0,4.0,2.7381580000000003,100.0,0.0,0.256838,3.788661,DoS
tcp,180524.0,0.0,100.0,0.0,3.0,0.0,100.0,0.0,0.161536,0.0,DoS
udp,15342.0,1.7859900000000002,100.0,0.0,4.0,3.093261,100.0,0.0,0.243477,4.149153,DoS
udp,53268.0,1.74596,100.0,0.0,4.0,3.023708,100.0,0.0,0.247603,4.0577489999999985,DoS
udp,261742.0,0.066169,100.0,3.99447,4.0,4.060647,100.0,0.0,0.243602,4.126823,DoS
udp,30309.0,1.7028869999999998,100.0,0.0,4.0,3.481529,100.0,0.0,0.4587100000000001,4.872027,DoS
tcp,258436.0,0.0,100.0,0.171778,1.0,0.171778,100.0,0.0,5.821467,0.171778,DoS
tcp,85603.0,0.133656,100.0,0.0,1.0,0.071116,100.0,0.038435,0.128471,0.338084,DoS
tcp,136273.0,0.012061,93.0,0.0,1.0,0.009239,93.0,0.051611,0.132332,0.029696,DoS
udp,112158.0,2.045824,100.0,0.0,4.0,1.669309,100.0,0.0,0.1899,4.290584,DoS
udp,224922.0,2.114016,100.0,0.0,4.0,2.112886,100.0,0.0,0.220919,4.323517,DoS
udp,199639.0,2.041947,100.0,0.0,4.0,2.041814,100.0,0.0,0.178671,4.116619,DoS
tcp,1273.0,0.0,100.0,0.0,3.0,0.0,100.0,0.0,0.130833,0.0,DoS
udp,2984.0,1.787732,98.0,0.0,4.0,3.096098,98.0,0.0,0.243549,4.169677,DoS
tcp,49474.0,2.103647,100.0,0.0,3.0,1.214541,100.0,0.0,0.132257,4.8581650000000005,DoS
udp,183636.0,1.784616,100.0,0.0,4.0,2.157542,100.0,0.0,0.226327,4.117022,DoS
tcp,69380.0,0.049877,100.0,0.047239,1.0,0.097116,100.0,0.041313,0.123191,0.146993,DoS
tcp,53131.0,2.113883,100.0,0.0,3.0,1.220451,100.0,0.0,0.130832,4.881805,DoS
udp,103212.0,1.550515,85.0,0.0,4.0,2.6855450000000003,85.0,0.0,0.236757,3.590206,DoS
tcp,258210.0,0.0,100.0,0.16580599999999998,1.0,0.16580599999999998,100.0,0.0,6.031145,0.16580599999999998,DoS
tcp,68457.0,0.0,16.0,0.0,3.0,0.0,16.0,0.0,0.094454,0.0,DoS
tcp,62690.0,0.008323,81.0,0.0,3.0,0.004161,81.0,0.0,0.127851,0.020807,DoS
udp,203026.0,0.550016,100.0,3.286011,4.0,3.81042,100.0,0.0,0.274197,4.627897,DoS
tcp,7125.0,0.0,100.0,0.0,3.0,0.0,100.0,0.0,0.130356,0.0,DoS
udp,46653.0,1.746023,100.0,0.0,4.0,3.024009,100.0,0.0,0.247583,4.0586720000000005,DoS
udp,155409.0,1.742578,100.0,0.0,4.0,3.017996,100.0,0.0,0.236018,4.05015,DoS
tcp,236507.0,0.0,100.0,0.0,3.0,0.0,100.0,0.0,0.127674,0.0,DoS
udp,215180.0,1.743067,100.0,0.0,4.0,3.03182,100.0,0.0,0.4882,4.924235,DoS
udp,29556.0,1.579632,43.0,0.0,4.0,2.732802,43.0,0.0,0.230285,3.767233,DoS
tcp,196976.0,0.0,100.0,0.0,3.0,0.0,100.0,0.0,0.154257,0.0,DoS
udp,165343.0,1.791793,73.0,0.0,4.0,2.16625,73.0,0.0,0.222772,4.132961,DoS
udp,53609.0,0.502471,72.0,2.510944,4.0,3.3778550000000003,72.0,0.0,0.287035,3.735245,DoS
udp,191490.0,0.569002,100.0,3.2789660000000005,4.0,3.649627,100.0,0.0,0.281862,4.634014,DoS
tcp,158784.0,0.046251,51.0,0.070173,1.0,0.116424,51.0,0.035935,0.107804,0.162675,DoS
udp,145796.0,0.079144,100.0,3.26777,4.0,3.3475580000000003,100.0,0.0,0.28378400000000004,3.479228,DoS
udp,233419.0,1.775814,100.0,0.0,4.0,3.07561,100.0,0.0,0.230896,4.124003,DoS
udp,29619.0,1.432334,90.0,0.0,4.0,2.8646580000000004,90.0,0.0,0.28029,3.5869370000000003,DoS
udp,22997.0,1.781352,100.0,0.0,4.0,2.181685,100.0,0.0,0.250187,3.645725,DoS
udp,182743.0,0.268354,100.0,3.995121,4.0,4.429916,100.0,0.0,0.407149,4.718136,DoS
udp,63099.0,1.791993,100.0,0.0,4.0,3.5839480000000004,100.0,0.0,0.409563,4.488075,DoS
tcp,89316.0,0.0,100.0,0.0,3.0,0.0,100.0,0.0,0.16505999999999998,0.0,DoS
udp,135343.0,2.021741,75.0,0.0,4.0,1.6501709999999998,75.0,0.0,0.189164,4.209688,DoS
tcp,103255.0,1.7871279999999998,100.0,0.0,3.0,1.031799,100.0,0.0,0.178955,4.127195,DoS
udp,14261.0,1.918906,13.0,0.0,4.0,3.837726,13.0,0.0,0.5501189999999999,4.817605,DoS
udp,1971.0,1.244382,100.0,0.0,4.0,1.758543,100.0,0.0,0.306417,2.71392,DoS
udp,21656.0,2.051463,92.0,0.0,4.0,1.673734,92.0,0.0,0.190826,4.311071,DoS
udp,207281.0,0.533165,100.0,2.542454,4.0,2.847472,100.0,0.0,0.406358,3.912703,DoS
udp,120890.0,1.816167,41.0,0.0,4.0,2.2219290000000003,41.0,0.0,0.21134,3.857005000000001,DoS
udp,155692.0,1.763523,100.0,0.0,4.0,3.088382,100.0,0.0,0.46159,4.923586,DoS
tcp,30167.0,0.017266,91.0,0.0,3.0,0.009969,91.0,0.0,0.053257000000000006,0.039875,DoS
udp,115689.0,0.13842100000000002,100.0,4.448162,4.0,4.627578,100.0,0.0,0.389356,4.800861,DoS
udp,31061.0,1.431656,66.0,0.0,4.0,2.863298,66.0,0.0,0.280316,3.584883,DoS
udp,204985.0,2.042428,100.0,0.0,4.0,2.042312,100.0,0.0,0.17983,4.115366000000002,DoS
tcp,26871.0,0.0,100.0,0.0,3.0,0.0,100.0,0.0,0.120251,0.0,DoS
tcp,224379.0,0.0,100.0,0.0,3.0,0.0,100.0,0.0,0.113691,0.0,DoS
udp,247945.0,0.361585,100.0,4.118833,4.0,4.414246,100.0,0.0,0.230979,4.923424,DoS
udp,216673.0,0.512792,100.0,3.42386,4.0,4.296506,100.0,0.0,0.419002,4.730405,DoS
udp,129137.0,0.017927000000000002,100.0,4.783537,4.0,4.804631,100.0,0.0,0.626524,4.832054,DoS
udp,256399.0,1.460416,100.0,0.0,4.0,2.522764,100.0,0.0,0.256916,3.53775,DoS
udp,248091.0,0.030696,100.0,3.497835,4.0,3.549311,100.0,0.0,0.280443,3.575019,DoS
tcp,147801.0,0.0,100.0,0.0,3.0,0.0,100.0,0.0,0.120523,0.0,DoS
udp,59289.0,1.924739,100.0,0.0,4.0,3.847992,100.0,0.0,0.616696,4.9119660000000005,DoS
udp,98636.0,1.224647,100.0,0.0,4.0,1.725947,100.0,0.0,0.344747,2.760335,DoS
udp,169656.0,1.758015,100.0,0.0,4.0,2.967409,100.0,0.0,0.20005,4.600324,DoS
tcp,103776.0,0.005755,100.0,0.0,3.0,0.002878,100.0,0.0,0.129518,0.014388,DoS
tcp,39787.0,0.015197,46.0,0.0,1.0,0.008773999999999999,46.0,0.0,0.103705,0.035095,DoS
tcp,16717.0,0.0,55.0,0.0,3.0,0.0,55.0,0.0,0.122241,0.0,DoS
udp,469.0,2.05226,100.0,0.0,4.0,1.6745009999999998,100.0,0.0,0.191126,4.307097,DoS
tcp,158176.0,0.139012,100.0,0.0,1.0,0.111979,100.0,0.054682000000000015,0.13403800000000002,0.315842,DoS
udp,169543.0,0.195555,75.0,4.189426,4.0,4.486011,75.0,0.0,0.402791,4.728119,DoS
udp,133451.0,1.792418,90.0,0.0,4.0,3.584771,90.0,0.0,0.446596,4.494243,DoS
udp,132737.0,1.57343,100.0,0.0,4.0,2.72518,100.0,0.0,0.24675500000000006,3.647893,DoS
udp,139023.0,1.5712469999999998,45.0,0.0,4.0,2.721425,45.0,0.0,0.246922,3.638299,DoS
tcp,137619.0,2.030956,80.0,0.0,1.0,1.20197,80.0,0.0,0.114989,4.719129,DoS
udp,252482.0,1.661402,100.0,0.0,4.0,2.029541,100.0,0.0,0.258936,3.600038,DoS
tcp,95756.0,1.88765,58.0,0.0,3.0,0.943825,58.0,0.0,0.120824,4.719125,DoS
udp,128547.0,0.018622,92.0,4.783958,4.0,4.806952,92.0,0.0,0.584545,4.832743,DoS
tcp,133375.0,2.029117,61.0,0.0,3.0,1.171511,61.0,0.0,0.115517,4.686045,DoS
tcp,49825.0,2.088352,100.0,0.0,3.0,1.205711,100.0,0.0,0.132141,4.822843,DoS
udp,51208.0,1.325638,100.0,0.0,4.0,1.324912,100.0,0.0,0.301505,2.734248,DoS
udp,132334.0,1.70256,79.0,0.0,4.0,2.080012,79.0,0.0,0.221142,3.681874,DoS
tcp,31546.0,0.001209,87.0,0.145858,1.0,0.147066,87.0,0.034515,0.103545,0.148274,DoS
udp,124987.0,1.551701,100.0,0.0,4.0,2.6876130000000003,100.0,0.0,0.239433,3.591032,DoS
udp,234843.0,1.703858,63.0,0.0,4.0,2.808147,63.0,0.0,0.27925900000000003,4.599287,DoS
tcp,83864.0,0.025795,69.0,0.0,1.0,0.014892,69.0,0.0,0.105139,0.05957000000000001,DoS
udp,182494.0,0.028587,100.0,3.986468,4.0,4.0267800000000005,100.0,0.0,0.247938,4.048966,DoS
tcp,105054.0,0.040573000000000005,73.0,0.071342,1.0,0.111915,73.0,0.038315,0.114276,0.152488,DoS
udp,75966.0,1.925243,100.0,0.0,4.0,3.849136,100.0,0.0,0.580607,4.908625,DoS
udp,253583.0,0.034297,100.0,3.500047,4.0,3.5502860000000003,100.0,0.0,0.280411,3.593129,DoS
tcp,68012.0,0.023036,80.0,0.0,1.0,0.022192,80.0,0.017698,0.05311,0.053120000000000014,DoS
tcp,66371.0,0.0,100.0,0.0,3.0,0.0,100.0,0.0,0.127935,0.0,DoS
udp,220497.0,1.7081849999999998,100.0,0.0,4.0,2.810996,100.0,0.0,0.278941,4.6179120000000005,DoS
udp,214475.0,2.0568,88.0,0.0,4.0,2.056442,88.0,0.0,0.182066,4.167167,DoS
udp,171504.0,0.025658,97.0,3.993092,4.0,4.029378,97.0,0.0,0.248086,4.047668,DoS
udp,30138.0,0.507235,77.0,2.499048,4.0,3.374364,77.0,0.0,0.287155,3.735654,DoS
udp,125314.0,1.675903,100.0,0.0,4.0,2.05095,100.0,0.0,0.221383,3.5376769999999995,DoS
tcp,1132.0,0.059725,68.0,0.0,3.0,0.02671,68.0,0.0,0.134596,0.16026,DoS
udp,244615.0,1.69455,100.0,0.0,4.0,2.064312,100.0,0.0,0.25195,3.759454,DoS
tcp,154347.0,1.752509,89.0,0.0,3.0,1.011811,89.0,0.0,0.178499,4.047244999999998,DoS
tcp,166727.0,0.035071,98.0,0.0,1.0,0.020248,98.0,0.0,0.113012,0.080993,DoS
udp,50232.0,1.3257370000000002,62.0,0.0,4.0,1.325013,62.0,0.0,0.301426,2.734263,DoS
tcp,177615.0,2.140971,61.0,0.0,1.0,3.023636,61.0,0.0,0.170153,4.6727620000000005,DoS
tcp,72131.0,0.054948,100.0,0.0,1.0,0.031725,100.0,0.0,0.093629,0.126898,DoS
udp,94668.0,1.549778,100.0,0.0,4.0,2.6842,100.0,0.0,0.235804,3.5968370000000003,DoS
udp,99958.0,2.112147,100.0,0.0,4.0,2.11048,100.0,0.0,0.199931,4.3396089999999985,DoS
udp,24602.0,1.681458,28.0,0.0,4.0,3.462438,28.0,0.0,0.458417,4.885628,DoS
udp,219595.0,1.7090580000000002,69.0,0.0,4.0,2.81096,69.0,0.0,0.278927,4.622463,DoS
udp,150786.0,1.812533,65.0,0.0,4.0,1.479454,65.0,0.0,0.200458,3.771104,DoS
udp,161431.0,1.82212,87.0,0.0,4.0,3.03611,87.0,0.0,0.200041,4.86032,DoS
tcp,47017.0,0.048675,34.0,0.035973000000000005,1.0,0.084648,34.0,0.043216,0.129647,0.133324,DoS
udp,210630.0,1.745895,48.0,0.0,4.0,3.0382,48.0,0.0,0.4855640000000001,4.9242300000000006,DoS
tcp,59864.0,0.009871,100.0,0.0,1.0,0.007916,100.0,0.053066,0.164589,0.022722,DoS
tcp,232491.0,0.0,100.0,0.0,3.0,0.0,100.0,0.0,0.122217,0.0,DoS
tcp,150090.0,0.0,82.0,0.0,3.0,0.0,82.0,0.0,0.120768,0.0,DoS
tcp,64122.0,0.119951,88.0,0.0,1.0,0.06356200000000001,88.0,0.038219,0.127869,0.303197,DoS
udp,152479.0,1.791023,100.0,0.0,4.0,3.581907,100.0,0.0,0.446582,4.492545,DoS
tcp,31929.0,0.0,11.0,0.0,3.0,0.0,11.0,0.0,0.050798,0.0,DoS
udp,50966.0,1.5697450000000002,100.0,0.0,4.0,2.71735,100.0,0.0,0.231936,3.708509,DoS
tcp,92144.0,0.009495,100.0,0.0,1.0,0.007736,100.0,0.052848,0.163924,0.02031,DoS
udp,253884.0,0.220092,100.0,4.095831,4.0,4.298337,100.0,0.0,0.23446,4.604299,DoS
tcp,202185.0,0.0,100.0,0.0,3.0,0.0,100.0,0.0,0.15245999999999998,0.0,DoS
udp,146779.0,0.963477,50.0,0.0,4.0,2.154173,50.0,0.0,0.367299,2.598582,DoS
udp,168223.0,1.764032,93.0,0.0,4.0,2.97638,93.0,0.0,0.19981,4.619371,DoS
udp,177710.0,1.7901900000000002,62.0,0.0,4.0,3.580127,62.0,0.0,0.44654,4.4927220000000005,DoS
tcp,7265.0,0.0,100.0,0.0,3.0,0.0,100.0,0.0,0.130338,0.0,DoS
udp,31800.0,0.503173,51.0,2.510538,4.0,3.378361,51.0,0.0,0.286984,3.73866,DoS
udp,126273.0,1.783616,94.0,0.0,4.0,3.088995,94.0,0.0,0.23068200000000005,4.1554980000000015,DoS
udp,190382.0,1.753479,100.0,0.0,4.0,3.060591,100.0,0.0,0.473378,4.921389,DoS
udp,83231.0,1.839422,43.0,0.0,4.0,3.250632,43.0,0.0,0.460511,4.962372,DoS
tcp,21200.0,0.0,57.0,0.0,3.0,0.0,57.0,0.0,0.121322,0.0,DoS
udp,102384.0,1.550571,80.0,0.0,4.0,2.685585,80.0,0.0,0.23665,3.598067,DoS
udp,107072.0,1.864922,100.0,0.0,4.0,3.717822,100.0,0.0,0.392407,4.888257,DoS
udp,225815.0,0.530397,83.0,2.540823,4.0,2.849236,83.0,0.0,0.406275,3.908979,DoS
udp,158528.0,1.743041,100.0,0.0,4.0,3.018806,100.0,0.0,0.232528,4.048814,DoS
tcp,239788.0,0.0,100.0,0.163908,1.0,0.163908,100.0,0.0,6.100983,0.163908,DoS
tcp,229387.0,0.0,100.0,0.16080999999999998,1.0,0.16080999999999998,100.0,0.0,6.2185190000000015,0.16080999999999998,DoS
tcp,241150.0,0.0,100.0,0.167955,1.0,0.167955,100.0,0.0,5.953976,0.167955,DoS
tcp,76003.0,0.015899,100.0,0.0,3.0,0.009179,100.0,0.0,0.053051,0.036717,DoS
tcp,244568.0,0.0,100.0,0.172328,1.0,0.172328,100.0,0.0,5.802887,0.172328,DoS
udp,204382.0,2.116105,100.0,0.0,4.0,2.115162,100.0,0.0,0.215417,4.319636,DoS
udp,54327.0,0.298625,100.0,3.132645,4.0,3.594155,100.0,0.0,0.217299,3.968059,DoS
tcp,187519.0,0.0,83.0,0.0,3.0,0.0,83.0,0.0,0.15800999999999998,0.0,DoS
udp,5301.0,1.644742,100.0,0.0,4.0,2.011968,100.0,0.0,0.220517,3.500314,DoS
udp,205636.0,1.780536,47.0,0.0,4.0,2.180678,47.0,0.0,0.270951,3.645442,DoS
udp,244050.0,1.696866,100.0,0.0,4.0,2.066691,100.0,0.0,0.251468,3.770147,DoS
udp,98986.0,1.874635,76.0,0.0,4.0,3.733572,76.0,0.0,0.391052,4.959303,DoS
tcp,221130.0,0.026208,100.0,0.132555,1.0,0.15876300000000002,100.0,0.036675,0.110025,0.184971,DoS
udp,23142.0,1.24231,100.0,0.0,4.0,1.755384,100.0,0.0,0.307481,2.7230830000000004,DoS
udp,253615.0,1.465663,100.0,0.0,4.0,2.529462,100.0,0.0,0.253766,3.575343,DoS
udp,213859.0,1.744087,100.0,0.0,4.0,3.034176,100.0,0.0,0.487417,4.924642,DoS
udp,210291.0,0.026907,100.0,3.987744,4.0,4.02364,100.0,0.0,0.247806,4.052479,DoS
tcp,246515.0,0.0,100.0,0.192342,1.0,0.192342,100.0,0.0,5.199072,0.192342,DoS
udp,6852.0,1.7822490000000002,75.0,0.0,4.0,2.182788,75.0,0.0,0.250089,3.645667,DoS
udp,93965.0,1.958911,68.0,0.0,4.0,2.770167,68.0,0.0,0.159549,4.180413,DoS
udp,156166.0,1.7909540000000002,89.0,0.0,4.0,2.165895,89.0,0.0,0.221626,4.125937,DoS
tcp,169653.0,0.103486,100.0,0.0,1.0,0.059056,100.0,0.040991,0.131351,0.264666,DoS
udp,35254.0,1.793627,42.0,0.0,4.0,3.587194,42.0,0.0,0.446805,4.492815,DoS
tcp,47023.0,0.048675,34.0,0.03597,1.0,0.084646,34.0,0.043216,0.129647,0.133321,DoS
udp,157722.0,0.032289,100.0,3.628396,4.0,3.652238,100.0,0.0,0.287695,3.707451,DoS
udp,3769.0,0.0,74.0,0.169014,2.0,0.169014,4.0,0.0,0.0,0.169014,Normal
udp,4283.0,0.0,11.0,0.0,4.0,0.0,20.0,0.0,0.399825,0.0,Normal
udp,1991.0,1.4e-05,5.0,6.8e-05,4.0,8.2e-05,5.0,0.0,0.004118999999999999,9.5e-05,Normal
udp,6382.0,0.0,20.0,0.007017,2.0,0.007017,15.0,0.0,0.0,0.007017,Normal
udp,5436.0,0.000324,14.0,0.14385499999999998,2.0,0.144179,14.0,1533.74231,250000.0,0.144503,Normal
udp,104.0,1.6e-05,2.0,6.1e-05,4.0,7.7e-05,1.0,0.0,0.004118999999999999,9.3e-05,Normal
arp,3060.0,2.2e-05,4.0,6.8e-05,2.0,9.3e-05,10.0,0.002486,0.002486,0.000122,Normal
udp,4326.0,0.0,14.0,0.0,4.0,0.0,9.0,0.0,0.399998,0.0,Normal
udp,18277.0,0.0,9.0,0.0070989999999999985,2.0,0.0070989999999999985,15.0,0.0,0.0,0.0070989999999999985,Normal
udp,17425.0,0.0,11.0,0.0,4.0,0.0,20.0,0.0,0.400081,0.0,Normal
udp,5390.0,0.0,14.0,0.0,4.0,0.0,9.0,0.0,0.399987,0.0,Normal
udp,3815.0,0.0,74.0,0.277896,2.0,0.277896,1.0,0.0,0.0,0.277896,Normal
udp,11.0,0.0,26.0,0.048565,2.0,0.048565,1.0,0.0,0.0,0.048565,Normal
udp,4270.0,0.0,14.0,0.0,4.0,0.0,18.0,0.0,0.399986,0.0,Normal
udp,13849.0,0.0,18.0,0.0,4.0,0.0,18.0,0.0,0.399824,0.0,Normal
udp,3082.0,0.0,14.0,0.01005,4.0,0.01005,3.0,0.0,99.502487,0.01005,Normal
udp,3678.0,0.0,29.0,0.165992,2.0,0.165992,2.0,0.0,0.0,0.165992,Normal
tcp,4076.0,3.5e-05,5.0,1.6e-05,2.0,4.6e-05,3.0,0.002751,0.002751,0.00011,Normal
udp,12685.0,0.0,14.0,0.0,4.0,0.0,9.0,0.0,0.399802,0.0,Normal
tcp,5438.0,0.0,14.0,1.44505,6.0,1.44505,3.0,7.612192999999999,8.304211,1.44505,Normal
udp,1671.0,0.0,20.0,0.0,4.0,0.0,8.0,0.0,0.0,0.0,Normal
udp,27531.0,0.0,14.0,0.0,4.0,0.0,18.0,0.0,0.399841,0.0,Normal
udp,31703.0,0.0,14.0,0.0,4.0,0.0,18.0,0.0,0.399992,0.0,Normal
udp,3736.0,0.0,74.0,0.009461,2.0,0.009461,2.0,0.0,0.0,0.009461,Normal
udp,14.0,0.08015,2.0,0.018356,2.0,0.098505,4.0,0.001755,0.001755,0.178655,Normal
udp,3737.0,0.0,74.0,0.173872,2.0,0.173872,1.0,0.0,0.0,0.173872,Normal
udp,12647.0,0.0,11.0,0.048457,2.0,0.048457,3.0,0.0,0.0,0.048457,Normal
ipv6-icmp,12539.0,0.0,1.0,0.0,8.0,0.0,1.0,0.0,0.0,0.0,Normal
udp,8729.0,0.0,20.0,0.015493,2.0,0.015493,2.0,0.0,0.0,0.015493,Normal
udp,4185.0,0.0,9.0,0.007168000000000002,2.0,0.007168000000000002,10.0,0.0,0.0,0.007168000000000002,Normal
udp,19422.0,0.0,18.0,0.0,4.0,0.0,18.0,0.0,0.39997,0.0,Normal
udp,3744.0,0.0,74.0,0.193782,2.0,0.193782,1.0,0.0,0.0,0.193782,Normal
udp,4234.0,0.0,14.0,0.0,4.0,0.0,21.0,0.0,0.0,0.0,Normal
arp,485.0,4.1e-05,5.0,0.00016,2.0,0.000212,2.0,0.002751,0.002751,0.000262,Normal
udp,4123.0,0.0,14.0,0.0,4.0,0.0,8.0,0.0,0.399856,0.0,Normal
udp,3729.0,0.0,74.0,0.344549,2.0,0.344549,2.0,0.0,0.0,0.344549,Normal
udp,30657.0,0.0,18.0,0.0073370000000000015,2.0,0.0073370000000000015,19.0,0.0,0.0,0.0073370000000000015,Normal
udp,13769.0,0.0,10.0,0.0,4.0,0.0,9.0,0.0,0.399974,0.0,Normal
udp,12689.0,0.0,12.0,0.007815,2.0,0.007815,14.0,0.0,0.0,0.007815,Normal
udp,14550.0,0.0,9.0,0.0,4.0,0.0,24.0,0.0,0.0,0.0,Normal
udp,2624.0,0.0,2.0,0.0,4.0,0.0,4.0,0.0,0.001111,0.0,Normal
udp,3798.0,0.0,74.0,0.288069,2.0,0.288069,2.0,0.0,0.0,0.288069,Normal
udp,14624.0,0.0,12.0,0.0,4.0,0.0,24.0,0.0,0.0,0.0,Normal
udp,1110.0,0.0,26.0,0.007698,2.0,0.007698,2.0,0.0,0.0,0.007698,Normal
udp,14562.0,0.0,14.0,0.0,4.0,0.0,24.0,0.0,0.0,0.0,Normal
udp,4341.0,0.0,14.0,0.007515999999999998,2.0,0.007515999999999998,14.0,0.0,0.0,0.007515999999999998,Normal
ipv6-icmp,1294.0,0.0,1.0,0.0,8.0,0.0,3.0,0.0,0.0,0.0,Normal
udp,63.0,0.0,63.0,0.0,4.0,0.0,4.0,0.0,0.399805,0.0,Normal
udp,3759.0,0.0,74.0,0.29852199999999995,2.0,0.29852199999999995,2.0,0.0,0.0,0.29852199999999995,Normal
tcp,10608.0,0.0,6.0,0.822892,6.0,0.822892,4.0,15.797942,17.013168,0.822892,Normal
udp,5398.0,0.0,5.0,0.0,4.0,0.0,5.0,0.0,0.001111,0.0,Normal
arp,4521.0,0.0,6.0,5.5e-05,2.0,5.5e-05,1.0,0.0,0.0,5.5e-05,Normal
udp,2996.0,8.6e-05,3.0,1.7e-05,4.0,0.000132,4.0,0.0,0.003436,0.000223,Normal
udp,3760.0,0.0,74.0,0.314735,2.0,0.314735,2.0,0.0,0.0,0.314735,Normal
udp,3703.0,0.0,74.0,0.012333,2.0,0.012333,2.0,0.0,0.0,0.012333,Normal
arp,4300.0,0.0,10.0,0.00015800000000000002,2.0,0.00015800000000000002,12.0,0.0,0.0,0.00015800000000000002,Normal
udp,14452.0,0.017699,18.0,0.144709,2.0,0.162408,19.0,28.253374,250000.0,0.180107,Normal
udp,3682.0,0.0,29.0,0.350171,2.0,0.350171,2.0,0.0,0.0,0.350171,Normal
udp,3666.0,0.0,29.0,0.010919,2.0,0.010919,2.0,0.0,0.0,0.010919,Normal
udp,14025.0,0.0,18.0,0.007261,2.0,0.007261,19.0,0.0,0.0,0.007261,Normal
tcp,22824.0,0.0,25.0,0.19952,6.0,0.19952,100.0,25.060144,30.072172,0.19952,Reconnaissance
icmp,547.0,0.0,42.0,0.0,5.0,0.0,10.0,0.0,0.0,0.0,Reconnaissance
tcp,6107.0,0.0,100.0,0.001044,1.0,0.001044,100.0,0.0,0.0,0.001044,Reconnaissance
tcp,23880.0,0.0,25.0,0.197548,6.0,0.197548,100.0,25.310305,30.372364,0.197548,Reconnaissance
icmp,12144.0,0.0,42.0,0.0,5.0,0.0,11.0,0.0,0.0,0.0,Reconnaissance
udp,34293.0,0.0,20.0,0.0001,4.0,0.0001,80.0,0.0,0.0,0.0001,Reconnaissance
tcp,21604.0,0.0,25.0,0.198688,6.0,0.198688,100.0,25.165083,30.198099,0.198688,Reconnaissance
tcp,16660.0,0.0,75.0,0.8365950000000001,6.0,0.8365950000000001,100.0,4.781286,5.9766080000000015,0.8365950000000001,Reconnaissance
tcp,3947.0,0.0,100.0,0.000196,1.0,0.000196,100.0,0.0,0.0,0.000196,Reconnaissance
tcp,20402.0,0.0,28.0,0.198686,6.0,0.198686,100.0,25.165337,30.198402,0.198686,Reconnaissance
tcp,8033.0,0.0,100.0,0.001721,1.0,0.001721,100.0,0.0,0.0,0.001721,Reconnaissance
tcp,5284.0,0.0,98.0,0.000659,1.0,0.000659,98.0,0.0,0.0,0.000659,Reconnaissance
tcp,4888.0,0.0,100.0,0.000603,1.0,0.000603,100.0,0.0,0.0,0.000603,Reconnaissance
tcp,17806.0,0.0,34.0,0.000232,1.0,0.000232,97.0,0.0,4310.3447270000015,0.000232,Reconnaissance
tcp,13232.0,0.0,28.0,0.000122,1.0,0.000122,87.0,0.0,8196.72168,0.000122,Reconnaissance
tcp,8010.0,0.0,100.0,0.003375,1.0,0.003375,100.0,0.0,0.0,0.003375,Reconnaissance
tcp,29680.0,0.0,100.0,0.000465,1.0,0.000465,100.0,0.0,0.0,0.000465,Reconnaissance
tcp,4625.0,0.0,100.0,0.00101,1.0,0.00101,100.0,0.0,0.0,0.00101,Reconnaissance
tcp,9881.0,0.0,51.0,6.9e-05,1.0,6.9e-05,100.0,0.0,0.0,6.9e-05,Reconnaissance
icmp,37171.0,0.0,26.0,0.0,5.0,0.0,5.0,0.0,0.0,0.0,Reconnaissance
icmp,3033.0,0.0,42.0,0.0,5.0,0.0,11.0,0.0,0.0,0.0,Reconnaissance
tcp,6667.0,0.0,100.0,0.00384,1.0,0.00384,100.0,0.0,0.0,0.00384,Reconnaissance
tcp,4894.0,0.0,100.0,0.000596,1.0,0.000596,100.0,0.0,0.0,0.000596,Reconnaissance
tcp,4497.0,0.0,100.0,0.0,3.0,0.0,100.0,0.0,0.0,0.0,Reconnaissance
udp,7455.0,0.0,14.0,0.0,4.0,0.0,57.0,0.0,0.0,0.0,Reconnaissance
udp,34043.0,0.0,20.0,0.000107,4.0,0.000107,82.0,0.0,0.0,0.000107,Reconnaissance
tcp,10097.0,0.0,100.0,0.003026,1.0,0.003026,100.0,0.0,0.0,0.003026,Reconnaissance
tcp,16697.0,0.0,100.0,0.0006129999999999999,1.0,0.0006129999999999999,100.0,0.0,0.0,0.0006129999999999999,Reconnaissance
tcp,22466.0,0.0,25.0,0.198344,6.0,0.198344,100.0,25.208727,30.250473,0.198344,Reconnaissance
tcp,623.0,0.0,100.0,0.008366,1.0,0.008366,100.0,239.062881,119.531441,0.008366,Reconnaissance
tcp,8587.0,0.0015539999999999998,51.0,0.001086,1.0,0.00264,51.0,378.787872,476.871735,0.004194,Reconnaissance
tcp,27331.0,0.0,100.0,0.002552,1.0,0.002552,100.0,0.0,0.0,0.002552,Reconnaissance
tcp,25229.0,0.0,100.0,0.000241,1.0,0.000241,100.0,0.0,0.0,0.000241,Reconnaissance
tcp,3449.0,0.0,33.0,0.0,1.0,0.0,100.0,0.0,0.0,0.0,Reconnaissance
tcp,28376.0,0.0,100.0,0.00387,1.0,0.00387,100.0,0.0,0.0,0.00387,Reconnaissance
tcp,11807.0,0.0,26.0,5.1e-05,1.0,5.1e-05,100.0,0.0,0.0,5.1e-05,Reconnaissance
tcp,7976.0,0.0,100.0,0.001949,1.0,0.001949,100.0,0.0,0.0,0.001949,Reconnaissance
tcp,11352.0,0.0,100.0,0.003218,1.0,0.003218,100.0,0.0,0.0,0.003218,Reconnaissance
tcp,6843.0,0.0,100.0,0.003379,1.0,0.003379,100.0,0.0,0.0,0.003379,Reconnaissance
tcp,28725.0,0.0,100.0,0.000949,1.0,0.000949,100.0,0.0,0.0,0.000949,Reconnaissance
tcp,27469.0,0.0,100.0,0.000935,1.0,0.000935,100.0,0.0,0.0,0.000935,Reconnaissance
tcp,8030.0,0.0,100.0,0.001654,1.0,0.001654,100.0,0.0,0.0,0.001654,Reconnaissance
tcp,20879.0,0.0,91.0,4.6e-05,1.0,4.6e-05,91.0,0.0,0.0,4.6e-05,Reconnaissance
tcp,23703.0,0.0,25.0,0.198083,6.0,0.198083,100.0,25.241943,30.290333,0.198083,Reconnaissance
tcp,506.0,0.0,100.0,0.0002,1.0,0.0002,100.0,0.0,0.0,0.0002,Reconnaissance
tcp,21641.0,0.0,25.0,0.199254,6.0,0.199254,100.0,25.093597,30.112318,0.199254,Reconnaissance
tcp,8352.0,0.0,100.0,0.003143,1.0,0.003143,100.0,0.0,0.0,0.003143,Reconnaissance
tcp,5887.0,0.0,100.0,0.000678,1.0,0.000678,100.0,0.0,0.0,0.000678,Reconnaissance
tcp,2429.0,0.0,99.0,9.1e-05,1.0,9.1e-05,99.0,0.0,0.0,9.1e-05,Reconnaissance
icmp,11452.0,0.0,43.0,0.0,5.0,0.0,11.0,0.0,0.0,0.0,Reconnaissance
tcp,31606.0,0.0,100.0,0.001293,1.0,0.001293,100.0,0.0,0.0,0.001293,Reconnaissance
tcp,8997.0,0.0,78.0,0.0,3.0,0.0,100.0,0.0,0.0,0.0,Reconnaissance
tcp,20040.0,0.0,100.0,1.3e-05,1.0,1.3e-05,100.0,0.0,0.0,1.3e-05,Reconnaissance
tcp,24370.0,0.0,25.0,0.199556,6.0,0.199556,100.0,25.055624,30.06675,0.199556,Reconnaissance
tcp,2329.0,0.0,33.0,0.000109,1.0,0.000109,100.0,0.0,0.0,0.000109,Reconnaissance
tcp,21993.0,0.0,25.0,0.197707,6.0,0.197707,100.0,25.289949,30.34794,0.197707,Reconnaissance
udp,13856.0,0.0,45.0,0.0,4.0,0.0,88.0,0.0,0.0,0.0,Reconnaissance
tcp,7882.0,0.0,74.0,0.000612,1.0,0.000612,100.0,0.0,0.0,0.000612,Reconnaissance
tcp,359.0,0.0,100.0,0.000156,1.0,0.000156,100.0,0.0,0.0,0.000156,Reconnaissance
tcp,10814.0,0.0,33.0,5.400000000000001e-05,1.0,5.400000000000001e-05,100.0,0.0,0.0,5.400000000000001e-05,Reconnaissance
tcp,16060.0,0.0,100.0,4.9e-05,1.0,4.9e-05,100.0,0.0,0.0,4.9e-05,Reconnaissance
icmp,15042.0,0.0,43.0,0.0,5.0,0.0,11.0,0.0,0.000933,0.0,Reconnaissance
tcp,4831.0,0.0,100.0,0.00046,1.0,0.00046,100.0,0.0,0.0,0.00046,Reconnaissance
icmp,16015.0,0.0,42.0,0.0,5.0,0.0,10.0,0.0,0.002023,0.0,Reconnaissance
tcp,19015.0,0.0,100.0,5e-05,1.0,5e-05,100.0,0.0,0.0,5e-05,Reconnaissance
tcp,1840.0,0.0,32.0,1.8e-05,1.0,1.8e-05,99.0,0.0,0.0,1.8e-05,Reconnaissance
udp,4260.0,0.0,20.0,0.0,4.0,0.0,11.0,0.0,0.0,0.0,Reconnaissance
tcp,749.0,0.0,100.0,6.500000000000001e-05,1.0,6.500000000000001e-05,100.0,0.0,0.0,6.500000000000001e-05,Reconnaissance
icmp,736.0,0.0,42.0,0.0,5.0,0.0,10.0,0.0,0.0,0.0,Reconnaissance
tcp,2954.0,0.0,100.0,0.000113,1.0,0.000113,100.0,0.0,0.0,0.000113,Reconnaissance
tcp,1168.0,0.0,100.0,1.3e-05,1.0,1.3e-05,100.0,0.0,0.0,1.3e-05,Reconnaissance
tcp,1701.0,0.0,100.0,0.000929,1.0,0.000929,100.0,0.0,0.0,0.000929,Reconnaissance
tcp,18256.0,0.0,100.0,2e-05,1.0,2e-05,100.0,0.0,0.0,2e-05,Reconnaissance
tcp,1237.0,0.0,100.0,1.6e-05,1.0,1.6e-05,100.0,0.0,0.0,1.6e-05,Reconnaissance
tcp,9444.0,0.0,28.0,0.000608,1.0,0.000608,100.0,0.0,0.0,0.000608,Reconnaissance
icmp,19011.0,0.0,43.0,0.0,5.0,0.0,11.0,0.0,0.001716,0.0,Reconnaissance
icmp,6758.0,0.0,42.0,0.0,5.0,0.0,10.0,0.0,0.0,0.0,Reconnaissance
tcp,2696.0,0.0,100.0,0.00168,1.0,0.00168,100.0,0.0,0.0,0.00168,Reconnaissance
tcp,22476.0,0.0,25.0,0.198123,6.0,0.198123,100.0,25.236849,30.284218,0.198123,Reconnaissance
tcp,823.0,0.0,100.0,0.0077,1.0,0.0077,100.0,259.740265,259.740265,0.0077,Reconnaissance
tcp,23085.0,0.0,100.0,6.6e-05,1.0,6.6e-05,100.0,0.0,0.0,6.6e-05,Reconnaissance
tcp,21700.0,0.0,25.0,0.19768,6.0,0.19768,100.0,25.293404,30.352085,0.19768,Reconnaissance
tcp,15810.0,0.0,100.0,0.0004940000000000001,1.0,0.0004940000000000001,100.0,0.0,0.0,0.0004940000000000001,Reconnaissance
tcp,17294.0,0.0,100.0,6.500000000000001e-05,1.0,6.500000000000001e-05,100.0,0.0,0.0,6.500000000000001e-05,Reconnaissance
tcp,6575.0,0.0,100.0,0.00627,1.0,0.00627,100.0,159.48963899999995,159.48963899999995,0.00627,Reconnaissance
tcp,5407.0,0.0,98.0,0.000934,1.0,0.000934,100.0,0.0,0.0,0.000934,Reconnaissance
udp,14327.0,0.0,18.0,8.7e-05,4.0,8.7e-05,60.0,0.0,0.0,8.7e-05,Reconnaissance
tcp,4049.0,0.0,100.0,5e-06,1.0,5e-06,100.0,0.0,0.0,5e-06,Reconnaissance
tcp,161.0,1.5e-05,81.0,0.0,1.0,1.5e-05,59.0,0.0,0.0,3.1e-05,Reconnaissance
tcp,6104.0,0.0,88.0,4e-06,1.0,4e-06,100.0,0.0,0.0,4e-06,Reconnaissance
tcp,16643.0,0.0,100.0,0.000283,1.0,0.000283,100.0,0.0,0.0,0.000283,Reconnaissance
tcp,3811.0,0.0,100.0,6.2e-05,1.0,6.2e-05,100.0,0.0,0.0,6.2e-05,Reconnaissance
tcp,7568.0,0.0,99.0,0.0006309999999999999,1.0,0.0006309999999999999,100.0,0.0,0.0,0.0006309999999999999,Reconnaissance
tcp,5902.0,0.0,100.0,0.005226,1.0,0.005226,100.0,191.350937,191.350937,0.005226,Reconnaissance
icmp,1641.0,0.0,42.0,0.0,5.0,0.0,11.0,0.0,0.0,0.0,Reconnaissance
tcp,21954.0,0.0,100.0,8.1e-05,1.0,8.1e-05,100.0,0.0,0.0,8.1e-05,Reconnaissance
icmp,14083.0,0.0,42.0,0.0,5.0,0.0,11.0,0.0,0.0,0.0,Reconnaissance
tcp,28832.0,0.0,100.0,0.001445,1.0,0.001445,100.0,0.0,0.0,0.001445,Reconnaissance
tcp,11782.0,0.0,22.0,8.2e-05,1.0,8.2e-05,100.0,0.0,0.0,8.2e-05,Reconnaissance
tcp,2158.0,0.0,100.0,0.008475,1.0,0.008475,100.0,0.0,117.994102,0.008475,Reconnaissance
tcp,6115.0,0.0,100.0,0.003701,1.0,0.003701,100.0,0.0,0.0,0.003701,Reconnaissance
tcp,20360.0,0.0,28.0,0.199195,6.0,0.199195,100.0,25.101032,30.121239000000006,0.199195,Reconnaissance
tcp,5886.0,0.0,100.0,0.000644,1.0,0.000644,100.0,0.0,0.0,0.000644,Reconnaissance
udp,2529.0,0.0,14.0,0.0,4.0,0.0,58.0,0.0,0.0,0.0,Reconnaissance
tcp,7478.0,0.0,98.0,0.000993,1.0,0.000993,98.0,0.0,0.0,0.000993,Reconnaissance
tcp,17018.0,0.0,100.0,5.5e-05,1.0,5.5e-05,100.0,0.0,0.0,5.5e-05,Reconnaissance
tcp,2596.0,0.0,100.0,0.001254,1.0,0.001254,100.0,0.0,0.0,0.001254,Reconnaissance
icmp,10403.0,0.0,42.0,0.0,5.0,0.0,11.0,0.0,0.0,0.0,Reconnaissance
tcp,12346.0,0.0,100.0,0.0043630000000000006,1.0,0.0043630000000000006,100.0,0.0,0.0,0.0043630000000000006,Reconnaissance
tcp,10574.0,0.0,33.0,6e-05,1.0,6e-05,100.0,0.0,0.0,6e-05,Reconnaissance
tcp,4414.0,0.0,34.0,9.3e-05,1.0,9.3e-05,100.0,0.0,0.0,9.3e-05,Reconnaissance
tcp,31255.0,0.0,100.0,0.0,3.0,0.0,100.0,0.0,0.0,0.0,Reconnaissance
tcp,11457.0,0.0,100.0,0.003563,1.0,0.003563,100.0,0.0,0.0,0.003563,Reconnaissance
tcp,4020.0,0.0,90.0,0.000104,1.0,0.000104,90.0,0.0,0.0,0.000104,Reconnaissance
udp,6530.0,0.0,14.0,4.8e-05,4.0,4.8e-05,57.0,0.0,0.0,4.8e-05,Reconnaissance
tcp,28484.0,0.0,100.0,0.003857,1.0,0.003857,100.0,0.0,0.0,0.003857,Reconnaissance
tcp,12850.0,0.0,100.0,0.001099,1.0,0.001099,100.0,0.0,0.0,0.001099,Reconnaissance
udp,34531.0,0.0,18.0,0.000173,4.0,0.000173,69.0,0.0,0.0,0.000173,Reconnaissance
udp,13575.0,0.0,14.0,2.8000000000000006e-05,4.0,2.8000000000000006e-05,58.0,0.0,0.0,2.8000000000000006e-05,Reconnaissance
tcp,30603.0,0.0,100.0,0.004063000000000001,1.0,0.004063000000000001,100.0,0.0,0.0,0.004063000000000001,Reconnaissance
udp,4427.0,0.0,25.0,0.0,4.0,0.0,90.0,0.0,0.0,0.0,Reconnaissance
tcp,23299.0,0.0,25.0,0.198065,6.0,0.198065,100.0,25.244238,30.293085,0.198065,Reconnaissance
tcp,17377.0,0.0,100.0,0.000103,1.0,0.000103,100.0,0.0,0.0,0.000103,Reconnaissance
tcp,5943.0,0.0,100.0,0.003549,1.0,0.003549,100.0,0.0,0.0,0.003549,Reconnaissance
tcp,4887.0,0.0,100.0,0.0005740000000000001,1.0,0.0005740000000000001,100.0,0.0,0.0,0.0005740000000000001,Reconnaissance
udp,11112.0,0.0,14.0,8.499999999999999e-05,4.0,8.499999999999999e-05,58.0,0.0,0.0,8.499999999999999e-05,Reconnaissance
icmp,9245.0,0.0,42.0,0.0,5.0,0.0,10.0,0.0,0.0,0.0,Reconnaissance
tcp,7135.0,0.0,100.0,0.001473,1.0,0.001473,100.0,0.0,0.0,0.001473,Reconnaissance
udp,33503.0,0.0,19.0,0.000118,4.0,0.000118,74.0,0.0,0.0,0.000118,Reconnaissance
tcp,1401.0,0.0,100.0,0.000109,1.0,0.000109,100.0,0.0,0.0,0.000109,Reconnaissance
tcp,19839.0,0.0,88.0,0.0,1.0,0.0,88.0,0.0,0.0,0.0,Reconnaissance
icmp,3841.0,0.0,42.0,0.0,5.0,0.0,10.0,0.0,0.0,0.0,Reconnaissance
tcp,23131.0,0.0,100.0,0.000153,1.0,0.000153,100.0,0.0,0.0,0.000153,Reconnaissance
tcp,8627.0,0.001594,74.0,0.00103,1.0,0.002624,100.0,381.170197,474.27078200000005,0.004217,Reconnaissance
tcp,17210.0,0.0,100.0,0.000917,1.0,0.000917,100.0,0.0,0.0,0.000917,Reconnaissance
tcp,29454.0,0.0,100.0,0.005081,1.0,0.005081,100.0,0.0,0.0,0.005081,Reconnaissance
tcp,2051.0,2.002379,27.0,0.0,2.0,2.002379,100.0,0.0,1.198531,4.004758,Reconnaissance
tcp,23699.0,0.0,100.0,0.001462,1.0,0.001462,100.0,0.0,0.0,0.001462,Reconnaissance
tcp,2222.0,0.0,100.0,0.007892,1.0,0.007892,100.0,0.0,126.710602,0.007892,Reconnaissance
tcp,5314.0,0.0,95.0,0.000839,1.0,0.000839,95.0,0.0,0.0,0.000839,Reconnaissance
tcp,4126.0,0.0,34.0,0.0,1.0,0.0,100.0,0.0,0.0,0.0,Reconnaissance
tcp,21829.0,0.0,25.0,0.199694,6.0,0.199694,100.0,25.038309,30.045971,0.199694,Reconnaissance
tcp,15227.0,0.0,100.0,5.600000000000001e-05,1.0,5.600000000000001e-05,100.0,0.0,0.0,5.600000000000001e-05,Reconnaissance
udp,13276.0,1.7e-05,75.0,5.8e-05,4.0,8.7e-05,91.0,0.0,0.002386,0.000104,Reconnaissance
tcp,8227.0,0.0,100.0,0.0040030000000000005,1.0,0.0040030000000000005,100.0,0.0,0.0,0.0040030000000000005,Reconnaissance
tcp,4004.0,0.0,32.0,3e-06,1.0,3e-06,98.0,0.0,0.0,3e-06,Reconnaissance
udp,3712.0,0.0,14.0,0.000143,4.0,0.000143,56.0,0.0,0.0,0.000143,Reconnaissance
udp,1431.0,0.0,14.0,0.000106,4.0,0.000106,57.0,0.0,0.0,0.000106,Reconnaissance
tcp,30085.0,0.0,100.0,0.003766,1.0,0.003766,100.0,0.0,0.0,0.003766,Reconnaissance
tcp,15220.0,0.0,100.0,0.000212,1.0,0.000212,100.0,0.0,0.0,0.000212,Reconnaissance
tcp,29105.0,0.0,100.0,0.007955,1.0,0.007955,100.0,0.0,0.0,0.007955,Reconnaissance
tcp,23350.0,0.0,100.0,4.6e-05,1.0,4.6e-05,100.0,0.0,0.0,4.6e-05,Reconnaissance
tcp,604.0,0.0,100.0,4.3e-05,1.0,4.3e-05,100.0,0.0,0.0,4.3e-05,Reconnaissance
tcp,6808.0,0.0,100.0,0.006184,1.0,0.006184,100.0,161.707626,161.707626,0.006184,Reconnaissance
udp,9526.0,0.0,14.0,5.400000000000001e-05,4.0,5.400000000000001e-05,57.0,0.0,0.0,5.400000000000001e-05,Reconnaissance
tcp,23612.0,0.0,70.0,0.001032,1.0,0.001032,70.0,0.0,0.0,0.001032,Reconnaissance
tcp,19978.0,0.0,23.0,0.430728,6.0,0.430728,100.0,16.251556,23.216509,0.430728,Reconnaissance
udp,17742.0,0.0,15.0,0.000132,4.0,0.000132,60.0,0.0,0.0,0.000132,Reconnaissance
tcp,4028.0,0.0,100.0,1.3e-05,1.0,1.3e-05,100.0,0.0,0.0,1.3e-05,Reconnaissance
tcp,215.0,0.0,100.0,0.007599,1.0,0.007599,100.0,131.59626799999998,131.59626799999998,0.007599,Reconnaissance
tcp,21560.0,0.0,25.0,0.198316,6.0,0.198316,100.0,25.212288,30.254745,0.198316,Reconnaissance
udp,7098.0,0.0,15.0,1.2e-05,4.0,1.2e-05,58.0,0.0,0.0,1.2e-05,Reconnaissance
tcp,6979.0,0.0,100.0,0.003469,1.0,0.003469,100.0,0.0,0.0,0.003469,Reconnaissance
tcp,5906.0,0.0,100.0,0.003336,1.0,0.003336,100.0,0.0,0.0,0.003336,Reconnaissance
tcp,27662.0,0.0,100.0,0.000472,1.0,0.000472,100.0,0.0,0.0,0.000472,Reconnaissance
tcp,24902.0,0.0,100.0,0.000587,1.0,0.000587,100.0,0.0,0.0,0.000587,Reconnaissance
tcp,16563.0,0.0,100.0,3.7e-05,1.0,3.7e-05,100.0,0.0,0.0,3.7e-05,Reconnaissance
udp,14929.0,0.0,14.0,0.000162,4.0,0.000162,56.0,0.0,0.0,0.000162,Reconnaissance
tcp,21603.0,0.0,100.0,0.000202,1.0,0.000202,100.0,0.0,0.0,0.000202,Reconnaissance
tcp,22736.0,0.0,100.0,3.3e-05,1.0,3.3e-05,100.0,0.0,0.0,3.3e-05,Reconnaissance
tcp,8531.0,0.003053,8.0,3.7e-05,1.0,0.00309,8.0,0.0,325.573822,0.006143,Reconnaissance
udp,15775.0,0.0,15.0,0.0,4.0,0.0,58.0,0.0,0.0,0.0,Reconnaissance
tcp,5574.0,0.0,100.0,0.000519,1.0,0.000519,100.0,0.0,0.0,0.000519,Reconnaissance
tcp,12938.0,0.0,100.0,0.003638,1.0,0.003638,100.0,0.0,0.0,0.003638,Reconnaissance
tcp,12838.0,0.0,65.0,3.2e-05,1.0,3.2e-05,100.0,0.0,0.0,3.2e-05,Reconnaissance
udp,809.0,0.0,14.0,8.7e-05,4.0,8.7e-05,56.0,0.0,0.0,8.7e-05,Reconnaissance
icmp,286.0,0.0,42.0,0.0,5.0,0.0,10.0,0.0,0.0,0.0,Reconnaissance
tcp,2248.0,0.0,33.0,6.4e-05,1.0,6.4e-05,100.0,0.0,0.0,6.4e-05,Reconnaissance
tcp,30168.0,0.0,100.0,0.003928,1.0,0.003928,100.0,0.0,0.0,0.003928,Reconnaissance
tcp,2812.0,0.0,32.0,7.000000000000002e-06,1.0,7.000000000000002e-06,98.0,0.0,0.0,7.000000000000002e-06,Reconnaissance
tcp,18386.0,0.0,99.0,0.000354,1.0,0.000354,100.0,0.0,0.0,0.000354,Reconnaissance
tcp,1843.0,0.0,100.0,0.00584,1.0,0.00584,100.0,0.0,171.23286399999995,0.00584,Reconnaissance
tcp,25324.0,0.0,100.0,0.000325,1.0,0.000325,100.0,0.0,0.0,0.000325,Reconnaissance
tcp,492.0,0.0,100.0,0.00032,1.0,0.00032,100.0,0.0,0.0,0.00032,Reconnaissance
icmp,10323.0,0.0,44.0,0.0,5.0,0.0,10.0,0.0,0.0,0.0,Reconnaissance
tcp,22567.0,0.0,100.0,0.000128,1.0,0.000128,100.0,0.0,0.0,0.000128,Reconnaissance
udp,34134.0,0.0,17.0,0.000113,4.0,0.000113,70.0,0.0,0.0,0.000113,Reconnaissance
icmp,935.0,0.0,42.0,0.0,5.0,0.0,10.0,0.0,0.0,0.0,Reconnaissance
udp,6232.0,0.0,15.0,5e-05,4.0,5e-05,58.0,0.0,0.0,5e-05,Reconnaissance
udp,35524.0,0.0,18.0,0.00017,4.0,0.00017,73.0,0.0,0.0,0.00017,Reconnaissance
tcp,22004.0,0.0,100.0,0.000189,1.0,0.000189,100.0,0.0,0.0,0.000189,Reconnaissance
tcp,30707.0,0.0,83.0,0.000708,1.0,0.000708,100.0,0.0,0.0,0.000708,Reconnaissance
tcp,16165.0,0.0,100.0,8.3e-05,1.0,8.3e-05,100.0,0.0,0.0,8.3e-05,Reconnaissance
tcp,18107.0,0.0,43.0,0.155057,6.0,0.155057,100.0,32.246208,38.69545,0.155057,Reconnaissance
tcp,1412.0,0.0,100.0,0.001216,1.0,0.001216,100.0,0.0,0.0,0.001216,Reconnaissance
tcp,6619.0,0.0,100.0,0.000524,1.0,0.000524,100.0,0.0,0.0,0.000524,Reconnaissance
tcp,16538.0,0.0,100.0,0.000128,1.0,0.000128,100.0,0.0,0.0,0.000128,Reconnaissance
udp,4161.0,0.0,39.0,0.0,4.0,0.0,93.0,0.0,0.0,0.0,Reconnaissance
udp,36630.0,0.0,19.0,9.4e-05,4.0,9.4e-05,75.0,0.0,0.0,9.4e-05,Reconnaissance
icmp,9738.0,0.0,43.0,0.0,5.0,0.0,11.0,0.0,0.0,0.0,Reconnaissance
tcp,9611.0,0.0,97.0,0.0,3.0,0.0,100.0,0.0,0.0,0.0,Reconnaissance
tcp,22877.0,0.0,25.0,0.198658,6.0,0.198658,100.0,25.168882,30.20266,0.198658,Reconnaissance
tcp,28995.0,0.0,100.0,0.0048920000000000005,1.0,0.0048920000000000005,100.0,0.0,0.0,0.0048920000000000005,Reconnaissance
tcp,2865.0,0.0,100.0,0.002294,1.0,0.002294,100.0,0.0,0.0,0.002294,Reconnaissance
tcp,12389.0,0.0,50.0,4e-06,1.0,4e-06,100.0,0.0,0.0,4e-06,Reconnaissance
tcp,403.0,0.0,100.0,0.000128,1.0,0.000128,100.0,0.0,0.0,0.000128,Reconnaissance
tcp,22189.0,0.0,100.0,0.000114,1.0,0.000114,100.0,0.0,0.0,0.000114,Reconnaissance
tcp,5892.0,0.0,100.0,0.003565,1.0,0.003565,100.0,0.0,0.0,0.003565,Reconnaissance
tcp,1173.0,0.0,82.0,5.5e-05,1.0,5.5e-05,100.0,0.0,0.0,5.5e-05,Reconnaissance
tcp,23859.0,0.0,100.0,0.000833,1.0,0.000833,100.0,0.0,0.0,0.000833,Reconnaissance
tcp,9878.0,0.0,49.0,7.4e-05,1.0,7.4e-05,100.0,0.0,0.0,7.4e-05,Reconnaissance
icmp,15644.0,0.0,43.0,0.0,5.0,0.0,11.0,0.0,0.001275,0.0,Reconnaissance
tcp,24498.0,0.0,25.0,0.198273,6.0,0.198273,100.0,25.217754,30.261307,0.198273,Reconnaissance
tcp,4998.0,0.0,12.0,6.500000000000001e-05,1.0,6.500000000000001e-05,98.0,0.0,0.0,6.500000000000001e-05,Reconnaissance
tcp,22993.0,0.0,100.0,6.1e-05,1.0,6.1e-05,100.0,0.0,0.0,6.1e-05,Reconnaissance
tcp,19594.0,0.0,36.0,0.163588,6.0,0.163588,100.0,24.451672,30.564589,0.163588,Reconnaissance
tcp,20046.0,0.0,100.0,1.7e-05,1.0,1.7e-05,100.0,0.0,0.0,1.7e-05,Reconnaissance
tcp,843.0,0.0,100.0,0.000191,1.0,0.000191,100.0,0.0,0.0,0.000191,Reconnaissance
icmp,4083.0,0.0,42.0,0.0,5.0,0.0,10.0,0.0,0.0,0.0,Reconnaissance
tcp,26681.0,0.0,100.0,0.002623,1.0,0.002623,100.0,0.0,0.0,0.002623,Reconnaissance
tcp,1032.0,0.0,100.0,7.099999999999999e-05,1.0,7.099999999999999e-05,100.0,0.0,0.0,7.099999999999999e-05,Reconnaissance
icmp,1846.0,0.0,42.0,0.0,5.0,0.0,10.0,0.0,0.0,0.0,Reconnaissance
tcp,6188.0,0.0,100.0,0.003608,1.0,0.003608,100.0,0.0,0.0,0.003608,Reconnaissance
tcp,8489.0,0.0,25.0,8.8e-05,1.0,8.8e-05,100.0,0.0,0.0,8.8e-05,Reconnaissance
tcp,15747.0,0.0,100.0,2.7e-05,1.0,2.7e-05,100.0,0.0,0.0,2.7e-05,Reconnaissance
tcp,22003.0,0.0,25.0,0.197315,6.0,0.197315,100.0,25.340191,30.40823,0.197315,Reconnaissance
tcp,21035.0,0.0,99.0,2.7e-05,1.0,2.7e-05,99.0,0.0,0.0,2.7e-05,Reconnaissance
icmp,9216.0,0.0,42.0,0.0,5.0,0.0,11.0,0.0,0.0,0.0,Reconnaissance
tcp,6602.0,0.0,100.0,0.006228,1.0,0.006228,100.0,160.565186,160.565186,0.006228,Reconnaissance
tcp,579.0,0.0,100.0,1.7e-05,1.0,1.7e-05,100.0,0.0,0.0,1.7e-05,Reconnaissance
tcp,13826.0,0.0,100.0,0.000814,1.0,0.000814,100.0,0.0,0.0,0.000814,Reconnaissance
tcp,4630.0,0.0,100.0,0.004215999999999999,1.0,0.004215999999999999,100.0,0.0,0.0,0.004215999999999999,Reconnaissance
tcp,3232.0,0.0,100.0,0.000165,1.0,0.000165,100.0,0.0,0.0,0.000165,Reconnaissance
udp,979.0,0.0,15.0,0.00019,4.0,0.00019,58.0,0.0,0.0,0.00019,Reconnaissance
tcp,122.0,4e-06,81.0,0.0,1.0,4e-06,6.0,0.0,0.0,7.000000000000002e-06,Reconnaissance
udp,1132.0,0.0,14.0,0.0,4.0,0.0,58.0,0.0,0.0,0.0,Reconnaissance
udp,13991.0,0.0,46.0,0.0,4.0,0.0,86.0,0.0,0.0,0.0,Reconnaissance
tcp,24480.0,0.0,100.0,0.0008960000000000002,1.0,0.0008960000000000002,100.0,0.0,0.0,0.0008960000000000002,Reconnaissance
udp,34597.0,0.0,18.0,0.000111,4.0,0.000111,69.0,0.0,0.0,0.000111,Reconnaissance
tcp,2520.0,0.0,100.0,0.0014210000000000002,1.0,0.0014210000000000002,100.0,0.0,0.0,0.0014210000000000002,Reconnaissance
tcp,27993.0,0.0,100.0,0.004278,1.0,0.004278,100.0,0.0,0.0,0.004278,Reconnaissance
tcp,8109.0,0.0,100.0,0.0024530000000000003,1.0,0.0024530000000000003,100.0,0.0,0.0,0.0024530000000000003,Reconnaissance
tcp,4324.0,0.0,39.0,0.000169,1.0,0.000169,54.0,0.0,0.0,0.000169,Reconnaissance
udp,37540.0,0.0,19.0,5.2e-05,4.0,5.2e-05,74.0,0.0,0.0,5.2e-05,Reconnaissance
tcp,29609.0,0.0,95.0,0.000101,1.0,0.000101,100.0,0.0,0.0,0.000101,Reconnaissance
tcp,4715.0,0.0,100.0,0.00363,1.0,0.00363,100.0,0.0,0.0,0.00363,Reconnaissance
tcp,4460.0,0.0,100.0,0.0041140000000000005,1.0,0.0041140000000000005,100.0,0.0,0.0,0.0041140000000000005,Reconnaissance
tcp,22836.0,0.0,100.0,3.2e-05,1.0,3.2e-05,100.0,0.0,0.0,3.2e-05,Reconnaissance
udp,35755.0,0.0,18.0,0.000176,4.0,0.000176,72.0,0.0,0.0,0.000176,Reconnaissance
tcp,22048.0,0.0,100.0,0.000135,1.0,0.000135,100.0,0.0,0.0,0.000135,Reconnaissance
tcp,230.0,0.0,33.0,7.7e-05,1.0,7.7e-05,97.0,0.0,0.0,7.7e-05,Reconnaissance
tcp,1898.0,0.0,100.0,0.000167,1.0,0.000167,100.0,0.0,0.0,0.000167,Reconnaissance
udp,2935.0,0.0,14.0,0.0,4.0,0.0,58.0,0.0,0.0,0.0,Reconnaissance
tcp,2356.0,0.0,100.0,0.000596,1.0,0.000596,100.0,0.0,0.0,0.000596,Reconnaissance
tcp,14900.0,0.0,100.0,0.002347,1.0,0.002347,100.0,0.0,0.0,0.002347,Reconnaissance
tcp,27858.0,0.0,100.0,0.003379,1.0,0.003379,100.0,0.0,0.0,0.003379,Reconnaissance
udp,522.0,0.0,15.0,0.000192,4.0,0.000192,58.0,0.0,0.0,0.000192,Reconnaissance
tcp,8311.0,0.0,100.0,0.003433,1.0,0.003433,100.0,0.0,0.0,0.003433,Reconnaissance
tcp,16881.0,0.0,26.0,0.907666,6.0,0.907666,98.0,5.508634,6.610361,0.907666,Reconnaissance
tcp,6208.0,0.0,100.0,0.003842,1.0,0.003842,100.0,0.0,0.0,0.003842,Reconnaissance
tcp,3109.0,0.0,100.0,0.000271,1.0,0.000271,100.0,0.0,0.0,0.000271,Reconnaissance
tcp,1325.0,0.0,100.0,0.0010279999999999998,1.0,0.0010279999999999998,100.0,0.0,0.0,0.0010279999999999998,Reconnaissance
tcp,7265.0,0.0,100.0,0.001366,1.0,0.001366,100.0,0.0,0.0,0.001366,Reconnaissance
tcp,8622.0,0.0,25.0,0.000155,1.0,0.000155,100.0,0.0,0.0,0.000155,Reconnaissance
udp,17368.0,0.0,14.0,0.000305,4.0,0.000305,58.0,0.0,0.0,0.000305,Reconnaissance
tcp,22460.0,0.0,63.0,0.125046,6.0,0.125046,100.0,23.991171,39.985287,0.125046,Reconnaissance
udp,5149.0,0.0,14.0,0.0,4.0,0.0,58.0,0.0,0.0,0.0,Reconnaissance
tcp,9687.0,0.0,100.0,0.000371,1.0,0.000371,100.0,0.0,0.0,0.000371,Reconnaissance
tcp,22328.0,0.0,25.0,0.199788,6.0,0.199788,100.0,25.026527,30.031834000000003,0.199788,Reconnaissance
udp,34535.0,0.0,17.0,0.000124,4.0,0.000124,69.0,0.0,0.0,0.000124,Reconnaissance
udp,5023.0,0.0,15.0,0.0,4.0,0.0,58.0,0.0,0.0,0.0,Reconnaissance
tcp,11198.0,0.0,25.0,3.9e-05,1.0,3.9e-05,100.0,0.0,0.0,3.9e-05,Reconnaissance
udp,9504.0,0.0,14.0,2e-05,4.0,2e-05,57.0,0.0,0.0,2e-05,Reconnaissance
tcp,1964.0,0.0,89.0,6.6e-05,1.0,6.6e-05,89.0,0.0,0.0,6.6e-05,Reconnaissance
tcp,24221.0,0.0,100.0,0.000949,1.0,0.000949,100.0,0.0,0.0,0.000949,Reconnaissance
tcp,1620.0,0.0,100.0,1.4e-05,1.0,1.4e-05,100.0,0.0,0.0,1.4e-05,Reconnaissance
tcp,3827.0,0.0,100.0,0.00016299999999999998,1.0,0.00016299999999999998,100.0,0.0,0.0,0.00016299999999999998,Reconnaissance
tcp,10173.0,0.0,100.0,0.0034729999999999995,1.0,0.0034729999999999995,100.0,0.0,0.0,0.0034729999999999995,Reconnaissance
udp,5696.0,0.0,14.0,9.4e-05,4.0,9.4e-05,58.0,0.0,0.0,9.4e-05,Reconnaissance
tcp,8291.0,0.0,100.0,0.001189,1.0,0.001189,100.0,0.0,0.0,0.001189,Reconnaissance
tcp,17734.0,0.0,100.0,0.000127,1.0,0.000127,100.0,0.0,0.0,0.000127,Reconnaissance
udp,19097.0,0.0,15.0,0.0,4.0,0.0,58.0,0.0,0.0,0.0,Reconnaissance
tcp,4417.0,0.0,100.0,0.000143,1.0,0.000143,100.0,0.0,0.0,0.000143,Reconnaissance
tcp,14798.0,0.0,100.0,0.00114,1.0,0.00114,100.0,0.0,0.0,0.00114,Reconnaissance
tcp,2100.0,0.0,100.0,0.000174,1.0,0.000174,100.0,0.0,0.0,0.000174,Reconnaissance
tcp,5345.0,0.0,90.0,0.0014119999999999998,1.0,0.0014119999999999998,100.0,0.0,0.0,0.0014119999999999998,Reconnaissance
tcp,8099.0,0.0,100.0,0.002493,1.0,0.002493,100.0,0.0,0.0,0.002493,Reconnaissance
udp,2208.0,0.0,14.0,0.000213,4.0,0.000213,58.0,0.0,0.0,0.000213,Reconnaissance
tcp,12598.0,0.0,50.0,7.6e-05,1.0,7.6e-05,100.0,0.0,0.0,7.6e-05,Reconnaissance
tcp,9866.0,0.0,49.0,6.8e-05,1.0,6.8e-05,100.0,0.0,0.0,6.8e-05,Reconnaissance
tcp,30820.0,0.0,100.0,0.003816,1.0,0.003816,100.0,0.0,0.0,0.003816,Reconnaissance
icmp,13790.0,0.0,12.0,0.0,5.0,0.0,6.0,0.0,0.001432,0.0,Reconnaissance
tcp,286.0,0.0,100.0,0.007861,1.0,0.007861,100.0,127.210289,127.210289,0.007861,Reconnaissance
icmp,4044.0,0.0,42.0,0.0,5.0,0.0,10.0,0.0,0.0,0.0,Reconnaissance
tcp,18669.0,0.0,100.0,0.000337,1.0,0.000337,100.0,0.0,0.0,0.000337,Reconnaissance
icmp,17228.0,0.0,42.0,0.0,5.0,0.0,10.0,0.0,0.001197,0.0,Reconnaissance
tcp,15469.0,0.0,100.0,0.000117,1.0,0.000117,100.0,0.0,0.0,0.000117,Reconnaissance
udp,13067.0,0.0,14.0,4.1e-05,4.0,4.1e-05,57.0,0.0,0.0,4.1e-05,Reconnaissance
tcp,7512.0,0.0,99.0,0.000412,1.0,0.000412,100.0,0.0,0.0,0.000412,Reconnaissance
tcp,16047.0,0.0,100.0,4.7e-05,1.0,4.7e-05,100.0,0.0,0.0,4.7e-05,Reconnaissance
tcp,77.0,0.0,19.0,0.095947,1.0,0.095947,19.0,20.844843,20.844843,0.095947,Theft
arp,31.0,2.8000000000000006e-05,19.0,2e-06,2.0,4.7e-05,8.0,0.00956,0.00956,0.000108,Theft
tcp,34.0,0.0,19.0,2.740962,6.0,2.740962,8.0,5.837367,5.107696,2.740962,Theft
tcp,74.0,0.0,19.0,3.42964,6.0,3.42964,19.0,4.956789,3.790485,3.42964,Theft
tcp,79.0,0.0,3.0,0.000176,1.0,0.000176,2.0,0.0,0.0,0.000176,Theft
tcp,15.0,0.0,48.0,0.000143,1.0,0.000143,25.0,0.0,0.0,0.000143,Theft
tcp,54.0,0.0,48.0,0.000133,1.0,0.000133,23.0,0.0,0.0,0.000133,Theft
